timestamp,frame_id,object_id,source,x,y,z,vx,vy,vz,confidence,split,meta
1692846880.474521875,0,mavic3,gt,6.463037326689687,20.127673100132142,-0.39976283410298663,,,,1.0,week1,mmaud;topic=/leica/point/relative
1692846880.670988083,1,mavic3,gt,6.463039372630874,20.127544893882714,-0.40021462279942455,,,,1.0,week1,mmaud;topic=/leica/point/relative
1692846880.881404400,2,mavic3,gt,6.46314438765387,20.127612914936662,-0.40031513147535236,,,,1.0,week1,mmaud;topic=/leica/point/relative
1692846881.076682568,3,mavic3,gt,6.462939043672236,20.127605124294405,-0.39962214639413673,,,,1.0,week1,mmaud;topic=/leica/point/relative
1692846881.277763605,4,mavic3,gt,6.463109843651409,20.127541037077435,-0.39987937799079987,,,,1.0,week1,mmaud;topic=/leica/point/relative
1692846881.470667601,5,mavic3,gt,6.46349453426194,20.127333731797535,-0.3996471401096642,,,,1.0,week1,mmaud;topic=/leica/point/relative
1692846881.672848225,6,mavic3,gt,6.4629712027424375,20.127486133025513,-0.39971841653604656,,,,1.0,week1,mmaud;topic=/leica/point/relative
1692846881.872560740,7,mavic3,gt,6.463179312963462,20.127771105696638,-0.39906159737500957,,,,1.0,week1,mmaud;topic=/leica/point/relative
1692846882.072436810,8,mavic3,gt,6.463146804468579,20.127295672985383,-0.4003754370174306,,,,1.0,week1,mmaud;topic=/leica/point/relative
1692846882.271862984,9,mavic3,gt,6.463007276877647,20.127570792809138,-0.39989553521716914,,,,1.0,week1,mmaud;topic=/leica/point/relative
1692846882.487138748,10,mavic3,gt,6.463477379526466,20.127338831712905,-0.39964744346532655,,,,1.0,week1,mmaud;topic=/leica/point/relative
1692846882.673133612,11,mavic3,gt,6.462641383587425,20.12778050523002,-0.39997095976933394,,,,1.0,week1,mmaud;topic=/leica/point/relative
1692846882.872083426,12,mavic3,gt,6.462873719521099,20.127706271820898,-0.40006791541735254,,,,1.0,week1,mmaud;topic=/leica/point/relative
1692846883.075576305,13,mavic3,gt,6.463112464280357,20.127662585478674,-0.39953041934518296,,,,1.0,week1,mmaud;topic=/leica/point/relative
1692846883.272591352,14,mavic3,gt,6.463208427795735,20.12751444239416,-0.3998246381635937,,,,1.0,week1,mmaud;topic=/leica/point/relative
1692846883.471957445,15,mavic3,gt,6.462859514938032,20.127703769189793,-0.40019957313445786,,,,1.0,week1,mmaud;topic=/leica/point/relative
1692846883.675966978,16,mavic3,gt,6.4631110607854225,20.127557186407557,-0.3995566108719544,,,,1.0,week1,mmaud;topic=/leica/point/relative
1692846883.872192144,17,mavic3,gt,6.463148448160609,20.12765862627907,-0.3993980500754475,,,,1.0,week1,mmaud;topic=/leica/point/relative
1692846884.072224617,18,mavic3,gt,6.462972016471554,20.127581281135917,-0.39989602735886365,,,,1.0,week1,mmaud;topic=/leica/point/relative
1692846884.271512985,19,mavic3,gt,6.4631149985815455,20.12764808578231,-0.39979909010737913,,,,1.0,week1,mmaud;topic=/leica/point/relative
1692846884.472355604,20,mavic3,gt,6.463210536133374,20.12751537947861,-0.39979403489329,,,,1.0,week1,mmaud;topic=/leica/point/relative
1692846884.673368216,21,mavic3,gt,6.462900850906976,20.127618091296654,-0.39959127239571046,,,,1.0,week1,mmaud;topic=/leica/point/relative
1692846884.872432947,22,mavic3,gt,6.462605584214202,20.12780831760483,-0.39963596585842254,,,,1.0,week1,mmaud;topic=/leica/point/relative
1692846885.076038837,23,mavic3,gt,6.462997291664692,20.127697143174373,-0.399526181163381,,,,1.0,week1,mmaud;topic=/leica/point/relative
1692846885.271507978,24,mavic3,gt,6.463304024950844,20.12772671081325,-0.39920258185169644,,,,1.0,week1,mmaud;topic=/leica/point/relative
1692846885.473648071,25,mavic3,gt,6.462291091808197,20.12766183224653,-0.40024755998850026,,,,1.0,week1,mmaud;topic=/leica/point/relative
1692846885.670748711,26,mavic3,gt,6.463520211252785,20.129100537868226,-0.3996797108146666,,,,1.0,week1,mmaud;topic=/leica/point/relative
1692846885.873599052,27,mavic3,gt,6.466850428457519,20.13585283555335,-0.39120205586080203,,,,1.0,week1,mmaud;topic=/leica/point/relative
1692846886.063809395,28,mavic3,gt,6.472111730267898,20.137415998013694,-0.3492551061305562,,,,1.0,week1,mmaud;topic=/leica/point/relative
1692846886.241230488,29,mavic3,gt,6.47140960988736,20.126724869497366,-0.2814921509931452,,,,1.0,week1,mmaud;topic=/leica/point/relative
1692846886.431267500,30,mavic3,gt,6.470608427744651,20.116513283838685,-0.20311650052482833,,,,1.0,week1,mmaud;topic=/leica/point/relative
1692846886.624562979,31,mavic3,gt,6.469339218799405,20.11306718824244,-0.09962978545128465,,,,1.0,week1,mmaud;topic=/leica/point/relative
1692846886.828229666,32,mavic3,gt,6.471934987632608,20.113447574791053,-0.013828633569900717,,,,1.0,week1,mmaud;topic=/leica/point/relative
1692846887.029132605,33,mavic3,gt,6.474741103806991,20.11939055075527,0.09043193110440484,,,,1.0,week1,mmaud;topic=/leica/point/relative
1692846887.224990606,34,mavic3,gt,6.4710053838309705,20.12750396565002,0.18548467403678615,,,,1.0,week1,mmaud;topic=/leica/point/relative
1692846887.432403564,35,mavic3,gt,6.452230489792441,20.141775774976622,0.30271348437314316,,,,1.0,week1,mmaud;topic=/leica/point/relative
1692846887.628655910,36,mavic3,gt,6.406581209823457,20.168540198887058,0.44332399472880013,,,,1.0,week1,mmaud;topic=/leica/point/relative
1692846887.830420971,37,mavic3,gt,6.330600126476725,20.20238064491332,0.6004408659293716,,,,1.0,week1,mmaud;topic=/leica/point/relative
1692846888.030307055,38,mavic3,gt,6.249097344640063,20.231209848291428,0.7136308075269397,,,,1.0,week1,mmaud;topic=/leica/point/relative
1692846888.227531672,39,mavic3,gt,6.1344590045411,20.269485846697762,0.8073711462992179,,,,1.0,week1,mmaud;topic=/leica/point/relative
1692846888.431797028,40,mavic3,gt,6.023989206400188,20.309531438153044,0.8546434323967702,,,,1.0,week1,mmaud;topic=/leica/point/relative
1692846888.679166794,41,mavic3,gt,5.897806334780967,20.354370694582713,0.8846024390234533,,,,1.0,week1,mmaud;topic=/leica/point/relative
1692846888.878957987,42,mavic3,gt,5.803146125938611,20.382900193405703,0.9035786151165013,,,,1.0,week1,mmaud;topic=/leica/point/relative
1692846889.077850580,43,mavic3,gt,5.667805084481415,20.417004957979543,0.92872642204496,,,,1.0,week1,mmaud;topic=/leica/point/relative
1692846889.280530214,44,mavic3,gt,5.522401618234767,20.451406237124957,0.9611778732223257,,,,1.0,week1,mmaud;topic=/leica/point/relative
1692846889.478671312,45,mavic3,gt,5.409120846310316,20.475107052657222,0.9873999106943785,,,,1.0,week1,mmaud;topic=/leica/point/relative
1692846889.680372000,46,mavic3,gt,5.319504651108332,20.491117600796997,1.0566721824263823,,,,1.0,week1,mmaud;topic=/leica/point/relative
1692846889.878821850,47,mavic3,gt,5.2803319932453405,20.49626310539543,1.191565395645398,,,,1.0,week1,mmaud;topic=/leica/point/relative
1692846890.079115152,48,mavic3,gt,5.266766781691558,20.497911009404106,1.3372496490696477,,,,1.0,week1,mmaud;topic=/leica/point/relative
1692846890.278115749,49,mavic3,gt,5.253695099216543,20.501048890160064,1.517289171137989,,,,1.0,week1,mmaud;topic=/leica/point/relative
1692846890.482223272,50,mavic3,gt,5.242827412510451,20.50369980454184,1.6911051400031027,,,,1.0,week1,mmaud;topic=/leica/point/relative
1692846890.679832220,51,mavic3,gt,5.234823876498922,20.505635041128244,1.8105249730499224,,,,1.0,week1,mmaud;topic=/leica/point/relative
1692846890.878542900,52,mavic3,gt,5.227043533641108,20.508309694595937,1.9299644142452053,,,,1.0,week1,mmaud;topic=/leica/point/relative
1692846891.079614401,53,mavic3,gt,5.225647979182668,20.510154603384535,1.9958373783798322,,,,1.0,week1,mmaud;topic=/leica/point/relative
1692846891.279855728,54,mavic3,gt,5.224905585619695,20.512736167450385,2.03698306708462,,,,1.0,week1,mmaud;topic=/leica/point/relative
1692846891.478203297,55,mavic3,gt,5.220641751420885,20.515364945273177,2.069624626999641,,,,1.0,week1,mmaud;topic=/leica/point/relative
1692846891.679376602,56,mavic3,gt,5.210697588865628,20.519488129428055,2.0957954134315315,,,,1.0,week1,mmaud;topic=/leica/point/relative
1692846891.880707741,57,mavic3,gt,5.200650158029475,20.524323533699544,2.1186909880372724,,,,1.0,week1,mmaud;topic=/leica/point/relative
1692846892.077508211,58,mavic3,gt,5.191205646019625,20.532594724465753,2.1869343985260485,,,,1.0,week1,mmaud;topic=/leica/point/relative
1692846892.278550863,59,mavic3,gt,5.187343209882329,20.534998343938014,2.2947482702046784,,,,1.0,week1,mmaud;topic=/leica/point/relative
1692846892.478372335,60,mavic3,gt,5.201299225030425,20.52909981543894,2.457957302728545,,,,1.0,week1,mmaud;topic=/leica/point/relative
1692846892.680546999,61,mavic3,gt,5.215899166493273,20.521294561878676,2.6131144121107894,,,,1.0,week1,mmaud;topic=/leica/point/relative
1692846892.876538515,62,mavic3,gt,5.228203443339794,20.51270101075488,2.81348752438403,,,,1.0,week1,mmaud;topic=/leica/point/relative
1692846893.078754902,63,mavic3,gt,5.24000445154968,20.508020541249834,3.0283254715075287,,,,1.0,week1,mmaud;topic=/leica/point/relative
1692846893.329860687,64,mavic3,gt,5.248513537961912,20.507649528346292,3.284137891300844,,,,1.0,week1,mmaud;topic=/leica/point/relative
1692846893.526926994,65,mavic3,gt,5.247325988548141,20.509745482820108,3.45975916326681,,,,1.0,week1,mmaud;topic=/leica/point/relative
1692846893.779726267,66,mavic3,gt,5.25052189471603,20.512010763385888,3.7347259387999117,,,,1.0,week1,mmaud;topic=/leica/point/relative
1692846893.979162216,67,mavic3,gt,5.257718930348574,20.514177101830228,3.9630672213498315,,,,1.0,week1,mmaud;topic=/leica/point/relative
1692846894.177709103,68,mavic3,gt,5.263643257615627,20.516493879592645,4.184993206245295,,,,1.0,week1,mmaud;topic=/leica/point/relative
1692846894.372208118,69,mavic3,gt,5.2650981281780105,20.516927099376517,4.395369201965323,,,,1.0,week1,mmaud;topic=/leica/point/relative
1692846894.625444889,70,mavic3,gt,5.261418933617392,20.516622311992705,4.57134419144262,,,,1.0,week1,mmaud;topic=/leica/point/relative
1692846894.824366570,71,mavic3,gt,5.256813896199219,20.516689470754955,4.662715586395308,,,,1.0,week1,mmaud;topic=/leica/point/relative
1692846895.027846813,72,mavic3,gt,5.253941490917441,20.520330446169964,4.674171335920761,,,,1.0,week1,mmaud;topic=/leica/point/relative
1692846895.227880478,73,mavic3,gt,5.252716658060194,20.527332675376556,4.67282758068815,,,,1.0,week1,mmaud;topic=/leica/point/relative
1692846895.429676056,74,mavic3,gt,5.253012931318153,20.536883128661202,4.675619890343867,,,,1.0,week1,mmaud;topic=/leica/point/relative
1692846895.631865501,75,mavic3,gt,5.252299519050098,20.54346484473149,4.678267097574263,,,,1.0,week1,mmaud;topic=/leica/point/relative
1692846895.828970194,76,mavic3,gt,5.250069940765798,20.551115492170993,4.685102532876996,,,,1.0,week1,mmaud;topic=/leica/point/relative
1692846896.030151844,77,mavic3,gt,5.24704827486687,20.55568431898314,4.689221089077591,,,,1.0,week1,mmaud;topic=/leica/point/relative
1692846896.229534626,78,mavic3,gt,5.246180843559841,20.556297564267197,4.694497642243192,,,,1.0,week1,mmaud;topic=/leica/point/relative
1692846896.423811913,79,mavic3,gt,5.248864492188773,20.55689869026014,4.693994300157328,,,,1.0,week1,mmaud;topic=/leica/point/relative
1692846896.625211477,80,mavic3,gt,5.254152998287736,20.554867544427452,4.690177707718576,,,,1.0,week1,mmaud;topic=/leica/point/relative
1692846896.829615116,81,mavic3,gt,5.262044038200543,20.54990930780059,4.687575389728451,,,,1.0,week1,mmaud;topic=/leica/point/relative
1692846897.028386593,82,mavic3,gt,5.261901180463042,20.542630795826653,4.682970084417761,,,,1.0,week1,mmaud;topic=/leica/point/relative
1692846897.273226976,83,mavic3,gt,5.260173973356359,20.529532219372413,4.679168792758134,,,,1.0,week1,mmaud;topic=/leica/point/relative
1692846897.479018688,84,mavic3,gt,5.25481158967591,20.508958147139538,4.675329061783415,,,,1.0,week1,mmaud;topic=/leica/point/relative
1692846897.679253578,85,mavic3,gt,5.25035343063405,20.47919095268344,4.669760413925246,,,,1.0,week1,mmaud;topic=/leica/point/relative
1692846897.878380537,86,mavic3,gt,5.244451959713842,20.446249346729246,4.666930604765156,,,,1.0,week1,mmaud;topic=/leica/point/relative
1692846898.096763134,87,mavic3,gt,5.22491657703813,20.37800895194505,4.6637298019734885,,,,1.0,week1,mmaud;topic=/leica/point/relative
1692846898.291493416,88,mavic3,gt,5.203368133338813,20.31351153519654,4.6603501003411765,,,,1.0,week1,mmaud;topic=/leica/point/relative
1692846898.486390829,89,mavic3,gt,5.173227151237711,20.211587895274988,4.656461985514468,,,,1.0,week1,mmaud;topic=/leica/point/relative
1692846898.678269386,90,mavic3,gt,5.142678681732377,20.11221882997961,4.654494446290158,,,,1.0,week1,mmaud;topic=/leica/point/relative
1692846898.878433466,91,mavic3,gt,5.099750383938272,19.968450256736332,4.652139302884763,,,,1.0,week1,mmaud;topic=/leica/point/relative
1692846899.079544306,92,mavic3,gt,5.046658765792017,19.804730415707354,4.6479975537849185,,,,1.0,week1,mmaud;topic=/leica/point/relative
1692846899.280159235,93,mavic3,gt,5.002793299403606,19.66621530292332,4.645741239515544,,,,1.0,week1,mmaud;topic=/leica/point/relative
1692846899.479039907,94,mavic3,gt,4.948553713365072,19.47675031076801,4.648533491096828,,,,1.0,week1,mmaud;topic=/leica/point/relative
1692846899.679868460,95,mavic3,gt,4.892301323694824,19.271375987124202,4.650854508522386,,,,1.0,week1,mmaud;topic=/leica/point/relative
1692846899.880020142,96,mavic3,gt,4.828569843441073,19.054707293006004,4.649950350669826,,,,1.0,week1,mmaud;topic=/leica/point/relative
1692846900.081463814,97,mavic3,gt,4.766035093607002,18.8704289704815,4.6498639061717455,,,,1.0,week1,mmaud;topic=/leica/point/relative
1692846900.279087782,98,mavic3,gt,4.678402144549636,18.62625162378822,4.652593005591797,,,,1.0,week1,mmaud;topic=/leica/point/relative
1692846900.488073111,99,mavic3,gt,4.586886769525336,18.367625044737224,4.651708138367738,,,,1.0,week1,mmaud;topic=/leica/point/relative
1692846900.680646181,100,mavic3,gt,4.510193020928796,18.153465882223372,4.6536442214066795,,,,1.0,week1,mmaud;topic=/leica/point/relative
1692846900.879400253,101,mavic3,gt,4.409362834045851,17.879236281159137,4.653935503197985,,,,1.0,week1,mmaud;topic=/leica/point/relative
1692846901.079411507,102,mavic3,gt,4.3092473701943845,17.60885681118566,4.655431884101489,,,,1.0,week1,mmaud;topic=/leica/point/relative
1692846901.278533697,103,mavic3,gt,4.200114085718951,17.3265535983885,4.6593641292547545,,,,1.0,week1,mmaud;topic=/leica/point/relative
1692846901.478916883,104,mavic3,gt,4.1096551052527275,17.105964183570222,4.665473958778733,,,,1.0,week1,mmaud;topic=/leica/point/relative
1692846901.679448128,105,mavic3,gt,3.9881992502295134,16.82397810178486,4.671244608686408,,,,1.0,week1,mmaud;topic=/leica/point/relative
1692846901.881412268,106,mavic3,gt,3.8568358524095174,16.54065450419216,4.673119594119385,,,,1.0,week1,mmaud;topic=/leica/point/relative
1692846902.080168724,107,mavic3,gt,3.7440152752217273,16.31674161036176,4.67112963681619,,,,1.0,week1,mmaud;topic=/leica/point/relative
1692846902.280270576,108,mavic3,gt,3.6148978792839443,16.031427396614845,4.675615589798895,,,,1.0,week1,mmaud;topic=/leica/point/relative
1692846902.480395079,109,mavic3,gt,3.5289856372104396,15.796147061535976,4.678512125104291,,,,1.0,week1,mmaud;topic=/leica/point/relative
1692846902.677531719,110,mavic3,gt,3.434628781495803,15.487836041765831,4.681301230962092,,,,1.0,week1,mmaud;topic=/leica/point/relative
1692846902.879367352,111,mavic3,gt,3.3510813486349207,15.183705065590175,4.67913412199313,,,,1.0,week1,mmaud;topic=/leica/point/relative
1692846903.079320669,112,mavic3,gt,3.275570571867206,14.874930702974552,4.6791520753352245,,,,1.0,week1,mmaud;topic=/leica/point/relative
1692846903.332651615,113,mavic3,gt,3.2003679613761733,14.504979280971611,4.674238548374106,,,,1.0,week1,mmaud;topic=/leica/point/relative
1692846903.531675577,114,mavic3,gt,3.1526135466168625,14.26152867923929,4.680685687068106,,,,1.0,week1,mmaud;topic=/leica/point/relative
1692846903.731914043,115,mavic3,gt,3.0747738239288083,13.955954039864764,4.687706047146364,,,,1.0,week1,mmaud;topic=/leica/point/relative
1692846903.933849096,116,mavic3,gt,2.981729107778733,13.658743097687193,4.692113920885319,,,,1.0,week1,mmaud;topic=/leica/point/relative
1692846904.132903576,117,mavic3,gt,2.9030592902536227,13.42870316544736,4.694026018269454,,,,1.0,week1,mmaud;topic=/leica/point/relative
1692846904.331830502,118,mavic3,gt,2.8005954813066865,13.133661058517873,4.697524018908908,,,,1.0,week1,mmaud;topic=/leica/point/relative
1692846904.577506781,119,mavic3,gt,2.6931229470591234,12.781044281437971,4.696113574793813,,,,1.0,week1,mmaud;topic=/leica/point/relative
1692846904.818616152,120,mavic3,gt,2.5994936334294607,12.422736873203803,4.696736853209856,,,,1.0,week1,mmaud;topic=/leica/point/relative
1692846905.044736862,121,mavic3,gt,2.5128419236028776,12.127599969231824,4.694601123806535,,,,1.0,week1,mmaud;topic=/leica/point/relative
1692846905.231220722,122,mavic3,gt,2.4373535784052365,11.872715726189426,4.695792719435772,,,,1.0,week1,mmaud;topic=/leica/point/relative
1692846905.430922270,123,mavic3,gt,2.3477231669583034,11.550475353546972,4.700377693061839,,,,1.0,week1,mmaud;topic=/leica/point/relative
1692846905.632548332,124,mavic3,gt,2.264016052883676,11.278582523661953,4.700268994303968,,,,1.0,week1,mmaud;topic=/leica/point/relative
1692846905.831112623,125,mavic3,gt,2.1616717140078663,10.957419282013916,4.696752590216661,,,,1.0,week1,mmaud;topic=/leica/point/relative
1692846906.035219669,126,mavic3,gt,2.051476395715099,10.619442280177964,4.6905246684084005,,,,1.0,week1,mmaud;topic=/leica/point/relative
1692846906.233156204,127,mavic3,gt,1.9772033726646896,10.365935000459785,4.689980680295392,,,,1.0,week1,mmaud;topic=/leica/point/relative
1692846906.431986332,128,mavic3,gt,1.8916663556242383,10.041833750052774,4.691135113978191,,,,1.0,week1,mmaud;topic=/leica/point/relative
1692846906.679546356,129,mavic3,gt,1.7913386871579178,9.653878409980734,4.693543717869801,,,,1.0,week1,mmaud;topic=/leica/point/relative
1692846906.879856586,130,mavic3,gt,1.7240397647725558,9.404726014312246,4.696500638339444,,,,1.0,week1,mmaud;topic=/leica/point/relative
1692846907.078254700,131,mavic3,gt,1.637184313754915,9.101587624891636,4.697513914490102,,,,1.0,week1,mmaud;topic=/leica/point/relative
1692846907.281348705,132,mavic3,gt,1.5518672141909065,8.81456039761224,4.69886116626931,,,,1.0,week1,mmaud;topic=/leica/point/relative
1692846907.479778767,133,mavic3,gt,1.4817790948221727,8.604112773819224,4.700403190030187,,,,1.0,week1,mmaud;topic=/leica/point/relative
1692846907.678717613,134,mavic3,gt,1.3945753402844048,8.366100723481395,4.705127403510744,,,,1.0,week1,mmaud;topic=/leica/point/relative
1692846907.880223513,135,mavic3,gt,1.3148387196752083,8.148954840949273,4.71093998421081,,,,1.0,week1,mmaud;topic=/leica/point/relative
1692846908.078866005,136,mavic3,gt,1.2531914127858954,7.987952075193334,4.715270909404865,,,,1.0,week1,mmaud;topic=/leica/point/relative
1692846908.279068708,137,mavic3,gt,1.1751907158202357,7.8107851508639214,4.71437377720477,,,,1.0,week1,mmaud;topic=/leica/point/relative
1692846908.482181787,138,mavic3,gt,1.115569930273864,7.7037269823181305,4.717384727558368,,,,1.0,week1,mmaud;topic=/leica/point/relative
1692846908.678366423,139,mavic3,gt,1.0531100585930062,7.626056135643921,4.720354461026091,,,,1.0,week1,mmaud;topic=/leica/point/relative
1692846908.881339550,140,mavic3,gt,1.005476293414631,7.6180014967831085,4.7171946343556925,,,,1.0,week1,mmaud;topic=/leica/point/relative
1692846909.077246189,141,mavic3,gt,0.9917610682957729,7.679035112593283,4.71685244366671,,,,1.0,week1,mmaud;topic=/leica/point/relative
1692846909.279501915,142,mavic3,gt,1.0047417248439388,7.828743580611899,4.722313478349278,,,,1.0,week1,mmaud;topic=/leica/point/relative
1692846909.481263399,143,mavic3,gt,1.0457235077537916,8.04268704542028,4.725643252553638,,,,1.0,week1,mmaud;topic=/leica/point/relative
1692846909.678849936,144,mavic3,gt,1.0879918762875604,8.254736665646988,4.732875756476517,,,,1.0,week1,mmaud;topic=/leica/point/relative
1692846909.881345510,145,mavic3,gt,1.1462271360061322,8.561656085297727,4.7356332614307775,,,,1.0,week1,mmaud;topic=/leica/point/relative
1692846910.079501152,146,mavic3,gt,1.1938932733828551,8.796617527310673,4.731345744730149,,,,1.0,week1,mmaud;topic=/leica/point/relative
1692846910.280216694,147,mavic3,gt,1.2416942354302591,9.023341183162074,4.727864216504827,,,,1.0,week1,mmaud;topic=/leica/point/relative
1692846910.483449936,148,mavic3,gt,1.2682257130428525,9.163050909237427,4.726219999427755,,,,1.0,week1,mmaud;topic=/leica/point/relative
1692846910.680438757,149,mavic3,gt,1.3046876467694801,9.307900827455796,4.720973097551166,,,,1.0,week1,mmaud;topic=/leica/point/relative
1692846910.879239321,150,mavic3,gt,1.336928710967186,9.409675848392908,4.724526659020867,,,,1.0,week1,mmaud;topic=/leica/point/relative
1692846911.081027746,151,mavic3,gt,1.349824626717691,9.457021806728108,4.728748108865474,,,,1.0,week1,mmaud;topic=/leica/point/relative
1692846911.279803991,152,mavic3,gt,1.3425260485876152,9.476977830725218,4.735537490357913,,,,1.0,week1,mmaud;topic=/leica/point/relative
1692846911.480629444,153,mavic3,gt,1.3042072191304896,9.460282941367268,4.738176919689636,,,,1.0,week1,mmaud;topic=/leica/point/relative
1692846911.681968451,154,mavic3,gt,1.2492421063673191,9.431245555013447,4.737866765317818,,,,1.0,week1,mmaud;topic=/leica/point/relative
1692846911.883335352,155,mavic3,gt,1.1524929120581646,9.380728009348104,4.733566160155945,,,,1.0,week1,mmaud;topic=/leica/point/relative
1692846912.081951380,156,mavic3,gt,1.0519173934998207,9.316899628400506,4.734360966590614,,,,1.0,week1,mmaud;topic=/leica/point/relative
1692846912.312498093,157,mavic3,gt,0.8934936674312439,9.187521629580488,4.7379135437901425,,,,1.0,week1,mmaud;topic=/leica/point/relative
1692846912.530241013,158,mavic3,gt,0.7588594810674749,9.06116353992843,4.7394464295412035,,,,1.0,week1,mmaud;topic=/leica/point/relative
1692846912.746821642,159,mavic3,gt,0.6567801195863012,8.950173625296884,4.738211453147869,,,,1.0,week1,mmaud;topic=/leica/point/relative
1692846912.979930401,160,mavic3,gt,0.5535606910730166,8.800216798940255,4.736709400875441,,,,1.0,week1,mmaud;topic=/leica/point/relative
1692846913.181244850,161,mavic3,gt,0.49969823621540854,8.68284035842089,4.7414060410960275,,,,1.0,week1,mmaud;topic=/leica/point/relative
1692846913.379204512,162,mavic3,gt,0.4697560931906537,8.59741216397947,4.744197976636713,,,,1.0,week1,mmaud;topic=/leica/point/relative
1692846913.579297304,163,mavic3,gt,0.44961522084850003,8.496747279192277,4.742827149285489,,,,1.0,week1,mmaud;topic=/leica/point/relative
1692846913.780627728,164,mavic3,gt,0.4504848328100479,8.42013459484724,4.743057345854098,,,,1.0,week1,mmaud;topic=/leica/point/relative
1692846913.979648352,165,mavic3,gt,0.47258628197619146,8.329561274177877,4.746228123211409,,,,1.0,week1,mmaud;topic=/leica/point/relative
1692846914.180623055,166,mavic3,gt,0.5208157633237533,8.252031121621712,4.7499059518655145,,,,1.0,week1,mmaud;topic=/leica/point/relative
1692846914.380984783,167,mavic3,gt,0.5915170155589067,8.194417507356093,4.751031387896646,,,,1.0,week1,mmaud;topic=/leica/point/relative
1692846914.578429461,168,mavic3,gt,0.6660067853345026,8.160913170072035,4.749750399340698,,,,1.0,week1,mmaud;topic=/leica/point/relative
1692846914.780669928,169,mavic3,gt,0.7890649350763397,8.133101788553404,4.74463253094612,,,,1.0,week1,mmaud;topic=/leica/point/relative
1692846914.980960608,170,mavic3,gt,0.9010483084415455,8.122058491178905,4.742541486601823,,,,1.0,week1,mmaud;topic=/leica/point/relative
1692846915.179095507,171,mavic3,gt,1.0561260635395229,8.122657860749086,4.743437722969077,,,,1.0,week1,mmaud;topic=/leica/point/relative
1692846915.382665873,172,mavic3,gt,1.2147525993187855,8.140096686860716,4.744050863395557,,,,1.0,week1,mmaud;topic=/leica/point/relative
1692846915.578669310,173,mavic3,gt,1.330856822442911,8.159928542229636,4.746138954787611,,,,1.0,week1,mmaud;topic=/leica/point/relative
1692846915.780472755,174,mavic3,gt,1.437972219084486,8.178179461475793,4.743661435703018,,,,1.0,week1,mmaud;topic=/leica/point/relative
1692846915.980035782,175,mavic3,gt,1.5069509884000354,8.187539957544004,4.739569099424742,,,,1.0,week1,mmaud;topic=/leica/point/relative
1692846916.178515196,176,mavic3,gt,1.5606066505158651,8.191012623260349,4.7408237857475655,,,,1.0,week1,mmaud;topic=/leica/point/relative
1692846916.381872654,177,mavic3,gt,1.6180237516625766,8.20949848509349,4.74434087968605,,,,1.0,week1,mmaud;topic=/leica/point/relative
1692846916.589363575,178,mavic3,gt,1.647627357591091,8.246287623146145,4.74687226442596,,,,1.0,week1,mmaud;topic=/leica/point/relative
1692846916.832223892,179,mavic3,gt,1.647951130313345,8.294888743129377,4.744508687829253,,,,1.0,week1,mmaud;topic=/leica/point/relative
1692846917.033111572,180,mavic3,gt,1.6269598412732194,8.343955721141128,4.740717329081406,,,,1.0,week1,mmaud;topic=/leica/point/relative
1692846917.234002352,181,mavic3,gt,1.5987326838574063,8.381380745518754,4.741598323952928,,,,1.0,week1,mmaud;topic=/leica/point/relative
1692846917.432551384,182,mavic3,gt,1.5470429639941585,8.426713870603407,4.738964716816,,,,1.0,week1,mmaud;topic=/leica/point/relative
1692846917.632096291,183,mavic3,gt,1.4881136819685707,8.469275023507407,4.739612590102325,,,,1.0,week1,mmaud;topic=/leica/point/relative
1692846917.832408428,184,mavic3,gt,1.43838149639339,8.500987297210713,4.7399380574549355,,,,1.0,week1,mmaud;topic=/leica/point/relative
1692846918.031973362,185,mavic3,gt,1.3797792466233432,8.535460515685827,4.741927592653923,,,,1.0,week1,mmaud;topic=/leica/point/relative
1692846918.233402014,186,mavic3,gt,1.3264011833750828,8.562499468219585,4.739717742897412,,,,1.0,week1,mmaud;topic=/leica/point/relative
1692846918.434439182,187,mavic3,gt,1.2983642447624106,8.577180028307566,4.74005142969277,,,,1.0,week1,mmaud;topic=/leica/point/relative
1692846918.679273844,188,mavic3,gt,1.277038487046525,8.594287395398624,4.741196157465438,,,,1.0,week1,mmaud;topic=/leica/point/relative
1692846918.885546684,189,mavic3,gt,1.2652696603753384,8.603284351471075,4.740809755279088,,,,1.0,week1,mmaud;topic=/leica/point/relative
1692846919.077964306,190,mavic3,gt,1.2590319942746646,8.615006896929572,4.740511932681912,,,,1.0,week1,mmaud;topic=/leica/point/relative
1692846919.280176878,191,mavic3,gt,1.2591141049799717,8.6409461623075,4.7408534279434775,,,,1.0,week1,mmaud;topic=/leica/point/relative
1692846919.474537373,192,mavic3,gt,1.2717664438856673,8.698537416943509,4.740875594952016,,,,1.0,week1,mmaud;topic=/leica/point/relative
1692846919.680809736,193,mavic3,gt,1.2982288150825525,8.785887065122324,4.741482829191369,,,,1.0,week1,mmaud;topic=/leica/point/relative
1692846919.882088184,194,mavic3,gt,1.3391718157962487,8.905275535769306,4.743169660355576,,,,1.0,week1,mmaud;topic=/leica/point/relative
1692846920.079982996,195,mavic3,gt,1.3827290414528761,9.029990947853094,4.743506549027941,,,,1.0,week1,mmaud;topic=/leica/point/relative
1692846920.279662609,196,mavic3,gt,1.444756575762426,9.203691786369745,4.745413088856111,,,,1.0,week1,mmaud;topic=/leica/point/relative
1692846920.483695507,197,mavic3,gt,1.5010881045682254,9.35700995539969,4.745134832742977,,,,1.0,week1,mmaud;topic=/leica/point/relative
1692846920.680500031,198,mavic3,gt,1.578208132762029,9.564720182149813,4.745192674244748,,,,1.0,week1,mmaud;topic=/leica/point/relative
1692846920.877892256,199,mavic3,gt,1.6599980103727603,9.786065503649297,4.745558695224744,,,,1.0,week1,mmaud;topic=/leica/point/relative
1692846921.080269575,200,mavic3,gt,1.7309886086214874,9.978598048350023,4.744953609332356,,,,1.0,week1,mmaud;topic=/leica/point/relative
1692846921.281699657,201,mavic3,gt,1.8238130695348218,10.228819092038975,4.7457419932761695,,,,1.0,week1,mmaud;topic=/leica/point/relative
1692846921.482155800,202,mavic3,gt,1.9052143159335628,10.447700131890997,4.746581908772868,,,,1.0,week1,mmaud;topic=/leica/point/relative
1692846921.678517818,203,mavic3,gt,1.9945171723779822,10.699527703298827,4.746792024231567,,,,1.0,week1,mmaud;topic=/leica/point/relative
1692846921.880809784,204,mavic3,gt,2.0820120412603274,10.961183995982992,4.746240690836885,,,,1.0,week1,mmaud;topic=/leica/point/relative
1692846922.079974651,205,mavic3,gt,2.1482475142087196,11.173544277715791,4.745825283127516,,,,1.0,week1,mmaud;topic=/leica/point/relative
1692846922.280572176,206,mavic3,gt,2.2273622149530183,11.439291346646769,4.745811426426712,,,,1.0,week1,mmaud;topic=/leica/point/relative
1692846922.483703852,207,mavic3,gt,2.2934328507708415,11.659054222146551,4.742975429422586,,,,1.0,week1,mmaud;topic=/leica/point/relative
1692846922.678254366,208,mavic3,gt,2.3708846395581986,11.913724261258494,4.740295350355751,,,,1.0,week1,mmaud;topic=/leica/point/relative
1692846922.883458614,209,mavic3,gt,2.4512901439073858,12.17319069826749,4.737885907839555,,,,1.0,week1,mmaud;topic=/leica/point/relative
1692846923.087399244,210,mavic3,gt,2.5309479066633003,12.428164661691426,4.736567454728188,,,,1.0,week1,mmaud;topic=/leica/point/relative
1692846923.278730154,211,mavic3,gt,2.5952683894237225,12.630862896890449,4.735491352212364,,,,1.0,week1,mmaud;topic=/leica/point/relative
1692846923.478882074,212,mavic3,gt,2.6784051034418326,12.887923003131391,4.7343116992108065,,,,1.0,week1,mmaud;topic=/leica/point/relative
1692846923.720928431,213,mavic3,gt,2.7763609591219165,13.196835183144685,4.7324179568050795,,,,1.0,week1,mmaud;topic=/leica/point/relative
1692846923.934709549,214,mavic3,gt,2.853795890029687,13.470068867206692,4.731929724148955,,,,1.0,week1,mmaud;topic=/leica/point/relative
1692846924.132386923,215,mavic3,gt,2.9155869126371954,13.695452177787047,4.732174622654966,,,,1.0,week1,mmaud;topic=/leica/point/relative
1692846924.331395149,216,mavic3,gt,2.9930897855128933,13.980817940284851,4.734478842460334,,,,1.0,week1,mmaud;topic=/leica/point/relative
1692846924.581467867,217,mavic3,gt,3.098891439359022,14.338704808123794,4.736958228957931,,,,1.0,week1,mmaud;topic=/leica/point/relative
1692846924.780554295,218,mavic3,gt,3.1737885635689054,14.573750961662654,4.737197396981628,,,,1.0,week1,mmaud;topic=/leica/point/relative
1692846924.978889227,219,mavic3,gt,3.273329694167387,14.875802713208259,4.736082076643754,,,,1.0,week1,mmaud;topic=/leica/point/relative
1692846925.179757833,220,mavic3,gt,3.375846071266892,15.18987089790221,4.738247262009679,,,,1.0,week1,mmaud;topic=/leica/point/relative
1692846925.379636526,221,mavic3,gt,3.4608093757659617,15.449225648167612,4.7402194363766625,,,,1.0,week1,mmaud;topic=/leica/point/relative
1692846925.578946590,222,mavic3,gt,3.5742483296803584,15.79627688683945,4.741296117598793,,,,1.0,week1,mmaud;topic=/leica/point/relative
1692846925.779833317,223,mavic3,gt,3.6879293413420555,16.139474419240287,4.741430984350231,,,,1.0,week1,mmaud;topic=/leica/point/relative
1692846925.980282784,224,mavic3,gt,3.808535333024224,16.48903918533756,4.742956343012395,,,,1.0,week1,mmaud;topic=/leica/point/relative
1692846926.182894945,225,mavic3,gt,3.908974542570718,16.77145773644247,4.742093024226136,,,,1.0,week1,mmaud;topic=/leica/point/relative
1692846926.380158901,226,mavic3,gt,4.032943931218142,17.11840651824855,4.740438062172245,,,,1.0,week1,mmaud;topic=/leica/point/relative
1692846926.580617666,227,mavic3,gt,4.155494963475348,17.469464979188615,4.739993309467721,,,,1.0,week1,mmaud;topic=/leica/point/relative
1692846926.782444000,228,mavic3,gt,4.2705695896075895,17.806970542978434,4.743394123903755,,,,1.0,week1,mmaud;topic=/leica/point/relative
1692846926.979030609,229,mavic3,gt,4.362464401066518,18.081148866988087,4.74551953700238,,,,1.0,week1,mmaud;topic=/leica/point/relative
1692846927.179630518,230,mavic3,gt,4.479637374863728,18.434108617870834,4.7485157029898915,,,,1.0,week1,mmaud;topic=/leica/point/relative
1692846927.381860495,231,mavic3,gt,4.56754692415177,18.690078015387144,4.747385322879765,,,,1.0,week1,mmaud;topic=/leica/point/relative
1692846927.579958200,232,mavic3,gt,4.678734014026077,19.006943380222538,4.745400664948249,,,,1.0,week1,mmaud;topic=/leica/point/relative
1692846927.780217409,233,mavic3,gt,4.783899585984159,19.318248122972363,4.742270481584086,,,,1.0,week1,mmaud;topic=/leica/point/relative
1692846927.982911587,234,mavic3,gt,4.862665178359407,19.556217881901603,4.740562084694474,,,,1.0,week1,mmaud;topic=/leica/point/relative
1692846928.180116653,235,mavic3,gt,4.962440988358821,19.851819060949538,4.741553833984256,,,,1.0,week1,mmaud;topic=/leica/point/relative
1692846928.380698681,236,mavic3,gt,5.065930049910094,20.151910519979538,4.740237850480824,,,,1.0,week1,mmaud;topic=/leica/point/relative
1692846928.579513311,237,mavic3,gt,5.147669094801586,20.394148258964606,4.739774201089617,,,,1.0,week1,mmaud;topic=/leica/point/relative
1692846928.780918360,238,mavic3,gt,5.24650608829711,20.697359456417416,4.741484486421442,,,,1.0,week1,mmaud;topic=/leica/point/relative
1692846928.979956150,239,mavic3,gt,5.3442851376854605,21.01104053112863,4.739980813523317,,,,1.0,week1,mmaud;topic=/leica/point/relative
1692846929.182843447,240,mavic3,gt,5.4268389606419305,21.272515174994624,4.738888110531292,,,,1.0,week1,mmaud;topic=/leica/point/relative
1692846929.382095814,241,mavic3,gt,5.538561429784863,21.615893826311094,4.738166667815435,,,,1.0,week1,mmaud;topic=/leica/point/relative
1692846929.581722736,242,mavic3,gt,5.662235376102444,21.9809742125301,4.737703875678633,,,,1.0,week1,mmaud;topic=/leica/point/relative
1692846929.779512644,243,mavic3,gt,5.759046908439245,22.272460638536813,4.737914251387281,,,,1.0,week1,mmaud;topic=/leica/point/relative
1692846929.980672359,244,mavic3,gt,5.883154654301393,22.643033110983424,4.733428903093383,,,,1.0,week1,mmaud;topic=/leica/point/relative
1692846930.180730343,245,mavic3,gt,6.012502676000395,23.01855260428124,4.731532091697616,,,,1.0,week1,mmaud;topic=/leica/point/relative
1692846930.384077549,246,mavic3,gt,6.112285161630098,23.299807482500228,4.734147306568687,,,,1.0,week1,mmaud;topic=/leica/point/relative
1692846930.630284786,247,mavic3,gt,6.251932444828185,23.699134210777174,4.73328974698012,,,,1.0,week1,mmaud;topic=/leica/point/relative
1692846931.332110882,248,mavic3,gt,6.412435987056028,24.172770502442063,4.727801354796938,,,,1.0,week1,mmaud;topic=/leica/point/relative
1692846931.534912109,249,mavic3,gt,6.419314991946749,24.195372281124037,4.727609428365895,,,,1.0,week1,mmaud;topic=/leica/point/relative
1692846931.743820429,250,mavic3,gt,6.428652027722364,24.214459487240447,4.733989358491698,,,,1.0,week1,mmaud;topic=/leica/point/relative
1692846931.974734068,251,mavic3,gt,6.438269114266745,24.22633398861626,4.7453751748331285,,,,1.0,week1,mmaud;topic=/leica/point/relative
1692846932.179907084,252,mavic3,gt,6.448132721281468,24.22855148854478,4.762063122492606,,,,1.0,week1,mmaud;topic=/leica/point/relative
1692846932.382465363,253,mavic3,gt,6.4600621809515815,24.226114301869757,4.783737675639117,,,,1.0,week1,mmaud;topic=/leica/point/relative
1692846932.579100370,254,mavic3,gt,6.476399149081658,24.22098834499957,4.828962941752025,,,,1.0,week1,mmaud;topic=/leica/point/relative
1692846932.780824661,255,mavic3,gt,6.482106609792254,24.215857391478494,4.896011606666775,,,,1.0,week1,mmaud;topic=/leica/point/relative
1692846932.980882883,256,mavic3,gt,6.479980742597263,24.21278813198387,4.967154436286222,,,,1.0,week1,mmaud;topic=/leica/point/relative
1692846933.181490421,257,mavic3,gt,6.468780797316299,24.21467499312257,5.0261586576943245,,,,1.0,week1,mmaud;topic=/leica/point/relative
1692846933.380227327,258,mavic3,gt,6.443707942115452,24.221093117997498,5.109470860858835,,,,1.0,week1,mmaud;topic=/leica/point/relative
1692846933.578351259,259,mavic3,gt,6.4227969535879765,24.22767585824363,5.20525081351721,,,,1.0,week1,mmaud;topic=/leica/point/relative
1692846933.781959772,260,mavic3,gt,6.415189942599795,24.229786098236218,5.304361960962694,,,,1.0,week1,mmaud;topic=/leica/point/relative
1692846933.976092339,261,mavic3,gt,6.415515423192119,24.228974901265246,5.389934884867955,,,,1.0,week1,mmaud;topic=/leica/point/relative
1692846934.183939934,262,mavic3,gt,6.415086530635563,24.227654208402328,5.503223014299124,,,,1.0,week1,mmaud;topic=/leica/point/relative
1692846934.374454021,263,mavic3,gt,6.4123502056542065,24.228409466679523,5.583913973204332,,,,1.0,week1,mmaud;topic=/leica/point/relative
1692846934.575752497,264,mavic3,gt,6.412938620454156,24.22831508815375,5.687422165092983,,,,1.0,week1,mmaud;topic=/leica/point/relative
1692846934.781711340,265,mavic3,gt,6.418797215407494,24.22351475243363,5.768247264854324,,,,1.0,week1,mmaud;topic=/leica/point/relative
1692846935.031658173,266,mavic3,gt,6.430764316963177,24.21101785344058,5.88970172639948,,,,1.0,week1,mmaud;topic=/leica/point/relative
1692846935.231571198,267,mavic3,gt,6.439316308510911,24.19682212268458,5.99006235605782,,,,1.0,week1,mmaud;topic=/leica/point/relative
1692846935.434662819,268,mavic3,gt,6.444028021962026,24.186061404813472,6.092283982056756,,,,1.0,week1,mmaud;topic=/leica/point/relative
1692846935.633021116,269,mavic3,gt,6.445711999770424,24.180752801926474,6.171000648056676,,,,1.0,week1,mmaud;topic=/leica/point/relative
1692846935.829540491,270,mavic3,gt,6.4472675025241415,24.177379569205414,6.2710647919347196,,,,1.0,week1,mmaud;topic=/leica/point/relative
1692846936.031238794,271,mavic3,gt,6.446181744653245,24.17597696169446,6.376404810344297,,,,1.0,week1,mmaud;topic=/leica/point/relative
1692846936.233553410,272,mavic3,gt,6.442321892472478,24.1792277727302,6.479175576837804,,,,1.0,week1,mmaud;topic=/leica/point/relative
1692846936.431123734,273,mavic3,gt,6.439273743411036,24.184744397131453,6.559638919914278,,,,1.0,week1,mmaud;topic=/leica/point/relative
1692846936.681285143,274,mavic3,gt,6.436620592261761,24.192190869170872,6.685638790432449,,,,1.0,week1,mmaud;topic=/leica/point/relative
1692846936.882449150,275,mavic3,gt,6.436194670367968,24.194774066718082,6.797009066438235,,,,1.0,week1,mmaud;topic=/leica/point/relative
1692846937.081970453,276,mavic3,gt,6.437320029332909,24.19322476065986,6.885495218735642,,,,1.0,week1,mmaud;topic=/leica/point/relative
1692846937.281396627,277,mavic3,gt,6.432296955542029,24.193589869090147,7.003413719932098,,,,1.0,week1,mmaud;topic=/leica/point/relative
1692846937.480588198,278,mavic3,gt,6.420644367797195,24.1977684906617,7.085341294135915,,,,1.0,week1,mmaud;topic=/leica/point/relative
1692846937.679830074,279,mavic3,gt,6.412373177402287,24.193509719496888,7.1939915671132155,,,,1.0,week1,mmaud;topic=/leica/point/relative
1692846937.882885933,280,mavic3,gt,6.408510323086034,24.187728587279253,7.302556555148627,,,,1.0,week1,mmaud;topic=/leica/point/relative
1692846938.081185818,281,mavic3,gt,6.399748108980589,24.18906123706597,7.414943990262401,,,,1.0,week1,mmaud;topic=/leica/point/relative
1692846938.281673193,282,mavic3,gt,6.396188499880736,24.19667739601755,7.500900245487628,,,,1.0,week1,mmaud;topic=/leica/point/relative
1692846938.482382298,283,mavic3,gt,6.39535215471426,24.20123544397393,7.613515406882698,,,,1.0,week1,mmaud;topic=/leica/point/relative
1692846938.681301594,284,mavic3,gt,6.399343318396518,24.20067040914978,7.734572166188329,,,,1.0,week1,mmaud;topic=/leica/point/relative
1692846938.883489609,285,mavic3,gt,6.3991231096400725,24.19989300024008,7.828179528309462,,,,1.0,week1,mmaud;topic=/leica/point/relative
1692846939.080718756,286,mavic3,gt,6.393564958284969,24.191290650840074,7.943778049520304,,,,1.0,week1,mmaud;topic=/leica/point/relative
1692846939.281240225,287,mavic3,gt,6.390952269177205,24.17121457792109,8.0656431038162,,,,1.0,week1,mmaud;topic=/leica/point/relative
1692846939.482444763,288,mavic3,gt,6.392375575136384,24.16122280541049,8.157585583967105,,,,1.0,week1,mmaud;topic=/leica/point/relative
1692846939.681642056,289,mavic3,gt,6.398321797544554,24.148911097279097,8.263821227770137,,,,1.0,week1,mmaud;topic=/leica/point/relative
1692846939.881245136,290,mavic3,gt,6.402104009931804,24.14296765551171,8.368485248850462,,,,1.0,week1,mmaud;topic=/leica/point/relative
1692846940.082310677,291,mavic3,gt,6.400400331787409,24.14423901053101,8.474850220636498,,,,1.0,week1,mmaud;topic=/leica/point/relative
1692846940.280320168,292,mavic3,gt,6.395870822802522,24.14785537188186,8.559747633293043,,,,1.0,week1,mmaud;topic=/leica/point/relative
1692846940.481608391,293,mavic3,gt,6.385455579431323,24.151076262254946,8.662036611876943,,,,1.0,week1,mmaud;topic=/leica/point/relative
1692846940.681761980,294,mavic3,gt,6.375739796108633,24.155590656337154,8.75912129070609,,,,1.0,week1,mmaud;topic=/leica/point/relative
1692846940.880503654,295,mavic3,gt,6.3685349235879585,24.157464356056607,8.842103362536434,,,,1.0,week1,mmaud;topic=/leica/point/relative
1692846941.079663754,296,mavic3,gt,6.36197080604029,24.14917102877962,8.944826084847818,,,,1.0,week1,mmaud;topic=/leica/point/relative
1692846941.282183647,297,mavic3,gt,6.356651209013876,24.135684780669635,9.028059591635284,,,,1.0,week1,mmaud;topic=/leica/point/relative
1692846941.475491524,298,mavic3,gt,6.3553414722429125,24.12079915107597,9.126237333905095,,,,1.0,week1,mmaud;topic=/leica/point/relative
1692846941.679367781,299,mavic3,gt,6.36416949702209,24.113186672502934,9.220860175132714,,,,1.0,week1,mmaud;topic=/leica/point/relative
1692846941.887237072,300,mavic3,gt,6.378450737538401,24.108355471870027,9.317668826039593,,,,1.0,week1,mmaud;topic=/leica/point/relative
1692846942.081696272,301,mavic3,gt,6.397529918688406,24.106471830538794,9.393535061580522,,,,1.0,week1,mmaud;topic=/leica/point/relative
1692846942.280540466,302,mavic3,gt,6.413369388324099,24.108197147178544,9.450048050883964,,,,1.0,week1,mmaud;topic=/leica/point/relative
1692846942.497747183,303,mavic3,gt,6.424450226414706,24.105311789194502,9.459306180242166,,,,1.0,week1,mmaud;topic=/leica/point/relative
1692846942.731993914,304,mavic3,gt,6.440448153369971,24.09086241271052,9.452966664618927,,,,1.0,week1,mmaud;topic=/leica/point/relative
1692846942.933585644,305,mavic3,gt,6.453088099072033,24.078759866572454,9.451425048555848,,,,1.0,week1,mmaud;topic=/leica/point/relative
1692846943.182603598,306,mavic3,gt,6.476923242606631,24.06580132875547,9.454266491512186,,,,1.0,week1,mmaud;topic=/leica/point/relative
1692846943.380553484,307,mavic3,gt,6.493462129494333,24.059664835269132,9.457109827618666,,,,1.0,week1,mmaud;topic=/leica/point/relative
1692846943.581396818,308,mavic3,gt,6.506265560369911,24.048755309470607,9.461080237804623,,,,1.0,week1,mmaud;topic=/leica/point/relative
1692846943.782810211,309,mavic3,gt,6.514548206443806,24.03547321653923,9.460700383240138,,,,1.0,week1,mmaud;topic=/leica/point/relative
1692846943.980315208,310,mavic3,gt,6.520261247520125,24.009214645493557,9.460427496503812,,,,1.0,week1,mmaud;topic=/leica/point/relative
1692846944.180365801,311,mavic3,gt,6.515855139114478,23.977096500389507,9.458435437819972,,,,1.0,week1,mmaud;topic=/leica/point/relative
1692846944.374178648,312,mavic3,gt,6.502373071550551,23.942105846241702,9.46046936364101,,,,1.0,week1,mmaud;topic=/leica/point/relative
1692846944.580160856,313,mavic3,gt,6.4682904649324655,23.877674066520058,9.45960868254771,,,,1.0,week1,mmaud;topic=/leica/point/relative
1692846944.783005476,314,mavic3,gt,6.413933797759796,23.79511011787531,9.462428023449547,,,,1.0,week1,mmaud;topic=/leica/point/relative
1692846944.983892679,315,mavic3,gt,6.368758888302523,23.714238300471152,9.465692826981595,,,,1.0,week1,mmaud;topic=/leica/point/relative
1692846945.181994677,316,mavic3,gt,6.314162873929945,23.583059007820793,9.468486772964042,,,,1.0,week1,mmaud;topic=/leica/point/relative
1692846945.385301828,317,mavic3,gt,6.252198404186515,23.423221749445247,9.466362292262431,,,,1.0,week1,mmaud;topic=/leica/point/relative
1692846945.580394268,318,mavic3,gt,6.196243511345756,23.29488404830431,9.461404201531693,,,,1.0,week1,mmaud;topic=/leica/point/relative
1692846945.788167953,319,mavic3,gt,6.125679677300241,23.1149148114705,9.455349924537217,,,,1.0,week1,mmaud;topic=/leica/point/relative
1692846946.001450300,320,mavic3,gt,6.046321725206667,22.904630377719513,9.454976235339672,,,,1.0,week1,mmaud;topic=/leica/point/relative
1692846946.233947277,321,mavic3,gt,5.967960014056075,22.695055588262676,9.45369391106182,,,,1.0,week1,mmaud;topic=/leica/point/relative
1692846946.435947180,322,mavic3,gt,5.907406886889248,22.50941947685874,9.456774419387813,,,,1.0,week1,mmaud;topic=/leica/point/relative
1692846946.631148815,323,mavic3,gt,5.831946028428547,22.285042476814624,9.461073943886277,,,,1.0,week1,mmaud;topic=/leica/point/relative
1692846946.831165552,324,mavic3,gt,5.751371036183173,22.063327160228937,9.459244889812993,,,,1.0,week1,mmaud;topic=/leica/point/relative
1692846947.032479525,325,mavic3,gt,5.671007829624841,21.845198083984315,9.456883122288943,,,,1.0,week1,mmaud;topic=/leica/point/relative
1692846947.233673811,326,mavic3,gt,5.592961285184515,21.626988238611148,9.452797026573862,,,,1.0,week1,mmaud;topic=/leica/point/relative
1692846947.435019970,327,mavic3,gt,5.532733358479845,21.456933886214074,9.45571027620737,,,,1.0,week1,mmaud;topic=/leica/point/relative
1692846947.632354736,328,mavic3,gt,5.459135552553903,21.237361144280158,9.457090441362269,,,,1.0,week1,mmaud;topic=/leica/point/relative
1692846947.836259127,329,mavic3,gt,5.3879155771570595,21.01040497453323,9.457673866194327,,,,1.0,week1,mmaud;topic=/leica/point/relative
1692846948.080436707,330,mavic3,gt,5.315314241893134,20.7750754561971,9.460828420865809,,,,1.0,week1,mmaud;topic=/leica/point/relative
1692846948.281459570,331,mavic3,gt,5.239297515968133,20.53189383274548,9.465157504967024,,,,1.0,week1,mmaud;topic=/leica/point/relative
1692846948.535878658,332,mavic3,gt,5.149423579015547,20.238647593240557,9.468578546379106,,,,1.0,week1,mmaud;topic=/leica/point/relative
1692846948.741131783,333,mavic3,gt,5.0890178055918796,20.045149246309848,9.469723796507424,,,,1.0,week1,mmaud;topic=/leica/point/relative
1692846948.945947409,334,mavic3,gt,5.009896241623437,19.808834097943645,9.475326489065722,,,,1.0,week1,mmaud;topic=/leica/point/relative
1692846949.137647867,335,mavic3,gt,4.923614463861213,19.571383066157523,9.478827032419076,,,,1.0,week1,mmaud;topic=/leica/point/relative
1692846949.333004236,336,mavic3,gt,4.851334799598703,19.381549009840455,9.480432868058216,,,,1.0,week1,mmaud;topic=/leica/point/relative
1692846949.533033609,337,mavic3,gt,4.752926760487185,19.130947078960617,9.484862771935283,,,,1.0,week1,mmaud;topic=/leica/point/relative
1692846949.742031336,338,mavic3,gt,4.6770810878977045,18.933655704538978,9.487365364384445,,,,1.0,week1,mmaud;topic=/leica/point/relative
1692846949.983174086,339,mavic3,gt,4.564266583167637,18.636008239361672,9.494836853458295,,,,1.0,week1,mmaud;topic=/leica/point/relative
1692846950.182524681,340,mavic3,gt,4.467616868424102,18.37696529658865,9.49804013769564,,,,1.0,week1,mmaud;topic=/leica/point/relative
1692846950.382391453,341,mavic3,gt,4.373812116514387,18.11324017292509,9.498753596434085,,,,1.0,week1,mmaud;topic=/leica/point/relative
1692846950.634835243,342,mavic3,gt,4.2676092528114395,17.81581107733018,9.488895297726415,,,,1.0,week1,mmaud;topic=/leica/point/relative
1692846950.832162142,343,mavic3,gt,4.196913336551233,17.616544204675165,9.48427220881483,,,,1.0,week1,mmaud;topic=/leica/point/relative
1692846951.038149834,344,mavic3,gt,4.10675587186995,17.35948828374694,9.481318768819875,,,,1.0,week1,mmaud;topic=/leica/point/relative
1692846951.233494759,345,mavic3,gt,4.040275004779119,17.167097611889176,9.484816456838246,,,,1.0,week1,mmaud;topic=/leica/point/relative
1692846951.434350014,346,mavic3,gt,3.954477991400836,16.926238141450085,9.492794607533199,,,,1.0,week1,mmaud;topic=/leica/point/relative
1692846951.637314558,347,mavic3,gt,3.8558850705612713,16.66417998290308,9.495575990098672,,,,1.0,week1,mmaud;topic=/leica/point/relative
1692846951.847836971,348,mavic3,gt,3.760499206968575,16.41526152147094,9.489344496121703,,,,1.0,week1,mmaud;topic=/leica/point/relative
1692846952.032106161,349,mavic3,gt,3.68555416019683,16.220572341551815,9.48702194360527,,,,1.0,week1,mmaud;topic=/leica/point/relative
1692846952.232658625,350,mavic3,gt,3.595466297564485,15.980758945617708,9.47994685113342,,,,1.0,week1,mmaud;topic=/leica/point/relative
1692846952.438238859,351,mavic3,gt,3.523511757702863,15.783324288093127,9.474490676989504,,,,1.0,week1,mmaud;topic=/leica/point/relative
1692846952.631469965,352,mavic3,gt,3.4448248265647408,15.544659476706329,9.479942248941015,,,,1.0,week1,mmaud;topic=/leica/point/relative
1692846952.858975172,353,mavic3,gt,3.346562821823227,15.256121688896428,9.490287929682609,,,,1.0,week1,mmaud;topic=/leica/point/relative
1692846953.050843716,354,mavic3,gt,3.282645770002773,15.059337943383753,9.506128600160665,,,,1.0,week1,mmaud;topic=/leica/point/relative
1692846953.286938906,355,mavic3,gt,3.1969353974874366,14.824320233673006,9.506854620209722,,,,1.0,week1,mmaud;topic=/leica/point/relative
1692846953.482747793,356,mavic3,gt,3.1064867478477254,14.588739246442856,9.503100516916106,,,,1.0,week1,mmaud;topic=/leica/point/relative
1692846953.682589769,357,mavic3,gt,3.0140021103463823,14.348963988067908,9.494852130033877,,,,1.0,week1,mmaud;topic=/leica/point/relative
1692846953.882105827,358,mavic3,gt,2.9438721941630774,14.157216831436926,9.504696361578013,,,,1.0,week1,mmaud;topic=/leica/point/relative
1692846954.081741571,359,mavic3,gt,2.853571905653439,13.917929260846904,9.509119194332186,,,,1.0,week1,mmaud;topic=/leica/point/relative
1692846954.281780481,360,mavic3,gt,2.7586521862289146,13.675409162121241,9.495264941313295,,,,1.0,week1,mmaud;topic=/leica/point/relative
1692846954.484531641,361,mavic3,gt,2.6850207920996354,13.46805588523739,9.478134823850851,,,,1.0,week1,mmaud;topic=/leica/point/relative
1692846954.681873322,362,mavic3,gt,2.6238908375795518,13.256062183398399,9.466579728649492,,,,1.0,week1,mmaud;topic=/leica/point/relative
1692846954.881856918,363,mavic3,gt,2.569473054515015,13.021320679288692,9.463656260177203,,,,1.0,week1,mmaud;topic=/leica/point/relative
1692846955.081560850,364,mavic3,gt,2.5182299212326598,12.796329059873642,9.458885869830453,,,,1.0,week1,mmaud;topic=/leica/point/relative
1692846955.282934427,365,mavic3,gt,2.474956098375287,12.62568824093546,9.46066337210101,,,,1.0,week1,mmaud;topic=/leica/point/relative
1692846955.486711740,366,mavic3,gt,2.4114651754258603,12.40265355054953,9.468499165399137,,,,1.0,week1,mmaud;topic=/leica/point/relative
1692846955.682235479,367,mavic3,gt,2.3448127503874048,12.179457282249814,9.474587774665167,,,,1.0,week1,mmaud;topic=/leica/point/relative
1692846955.882791758,368,mavic3,gt,2.2774606844332084,11.959525577385193,9.478710077918521,,,,1.0,week1,mmaud;topic=/leica/point/relative
1692846956.081439972,369,mavic3,gt,2.2204234675134558,11.774168279279593,9.482164823625695,,,,1.0,week1,mmaud;topic=/leica/point/relative
1692846956.283240080,370,mavic3,gt,2.1435270703547076,11.54649396997911,9.488167672483755,,,,1.0,week1,mmaud;topic=/leica/point/relative
1692846956.484848022,371,mavic3,gt,2.060942987596377,11.318505602275081,9.49444944984701,,,,1.0,week1,mmaud;topic=/leica/point/relative
1692846956.680641890,372,mavic3,gt,1.993293145894313,11.136755097894365,9.497268745651269,,,,1.0,week1,mmaud;topic=/leica/point/relative
1692846956.880592346,373,mavic3,gt,1.9062990696596671,10.900774698521673,9.500383100038775,,,,1.0,week1,mmaud;topic=/leica/point/relative
1692846957.082037449,374,mavic3,gt,1.8229059237424963,10.661517216762832,9.495393802569708,,,,1.0,week1,mmaud;topic=/leica/point/relative
1692846957.283248901,375,mavic3,gt,1.7603054663650255,10.477158993781359,9.492097776439593,,,,1.0,week1,mmaud;topic=/leica/point/relative
1692846957.482434750,376,mavic3,gt,1.6786701109408568,10.239798829667961,9.493016936410442,,,,1.0,week1,mmaud;topic=/leica/point/relative
1692846957.682171106,377,mavic3,gt,1.5953723130216986,9.993380935050027,9.496345019958142,,,,1.0,week1,mmaud;topic=/leica/point/relative
1692846957.880556583,378,mavic3,gt,1.5358444660163286,9.807826078573498,9.495212569539788,,,,1.0,week1,mmaud;topic=/leica/point/relative
1692846958.080815315,379,mavic3,gt,1.4610336064848752,9.572689612110253,9.4923655697729,,,,1.0,week1,mmaud;topic=/leica/point/relative
1692846958.282500267,380,mavic3,gt,1.388159216721192,9.34703166702684,9.493056021893423,,,,1.0,week1,mmaud;topic=/leica/point/relative
1692846958.483964920,381,mavic3,gt,1.324490940997407,9.161338026681278,9.498040527178432,,,,1.0,week1,mmaud;topic=/leica/point/relative
1692846958.682532310,382,mavic3,gt,1.2560467270942581,8.966697891071135,9.49697763476702,,,,1.0,week1,mmaud;topic=/leica/point/relative
1692846958.882725954,383,mavic3,gt,1.2150277677374106,8.844703992406949,9.496541357254642,,,,1.0,week1,mmaud;topic=/leica/point/relative
1692846959.083611727,384,mavic3,gt,1.2055702652093032,8.802595420243279,9.495423313198756,,,,1.0,week1,mmaud;topic=/leica/point/relative
1692846959.283732653,385,mavic3,gt,1.2067121386112376,8.788582055854704,9.491461363364749,,,,1.0,week1,mmaud;topic=/leica/point/relative
1692846959.481630564,386,mavic3,gt,1.210306626709098,8.792544674668761,9.489391481309681,,,,1.0,week1,mmaud;topic=/leica/point/relative
1692846959.682031870,387,mavic3,gt,1.2140145033433782,8.797390059916324,9.49232080251599,,,,1.0,week1,mmaud;topic=/leica/point/relative
1692846959.881949425,388,mavic3,gt,1.2188831863152245,8.796766873269007,9.497505058097701,,,,1.0,week1,mmaud;topic=/leica/point/relative
1692846960.083897829,389,mavic3,gt,1.2355952625509872,8.786016659616962,9.499917664502817,,,,1.0,week1,mmaud;topic=/leica/point/relative
1692846960.283360004,390,mavic3,gt,1.2581345928279006,8.772278605625843,9.49876207491721,,,,1.0,week1,mmaud;topic=/leica/point/relative
1692846960.534339666,391,mavic3,gt,1.3051362389974202,8.742570065402106,9.495321052872583,,,,1.0,week1,mmaud;topic=/leica/point/relative
1692846960.747211933,392,mavic3,gt,1.3536646869230253,8.702976005664596,9.491924759275946,,,,1.0,week1,mmaud;topic=/leica/point/relative
1692846960.984521627,393,mavic3,gt,1.428197766504809,8.640015943298067,9.494802664214902,,,,1.0,week1,mmaud;topic=/leica/point/relative
1692846961.181468725,394,mavic3,gt,1.4802526313087583,8.591449246279353,9.500721759627083,,,,1.0,week1,mmaud;topic=/leica/point/relative
1692846961.383284330,395,mavic3,gt,1.5540378367020367,8.518186985384773,9.503239906718917,,,,1.0,week1,mmaud;topic=/leica/point/relative
1692846961.583612204,396,mavic3,gt,1.6106153889080588,8.460647040056301,9.501166073529518,,,,1.0,week1,mmaud;topic=/leica/point/relative
1692846961.781763315,397,mavic3,gt,1.679981369802249,8.387057905089478,9.501772388325918,,,,1.0,week1,mmaud;topic=/leica/point/relative
1692846961.983220339,398,mavic3,gt,1.737441485548743,8.307058329151005,9.508452640638268,,,,1.0,week1,mmaud;topic=/leica/point/relative
1692846962.184451103,399,mavic3,gt,1.7621319863696954,8.234628083164125,9.514768439191315,,,,1.0,week1,mmaud;topic=/leica/point/relative
1692846962.380856037,400,mavic3,gt,1.7529825842035507,8.15422929276383,9.517643785985499,,,,1.0,week1,mmaud;topic=/leica/point/relative
1692846962.581480742,401,mavic3,gt,1.7090522740047618,8.08421419675824,9.52131955023421,,,,1.0,week1,mmaud;topic=/leica/point/relative
1692846962.782360077,402,mavic3,gt,1.6458001672984892,8.039529985751415,9.526400610482398,,,,1.0,week1,mmaud;topic=/leica/point/relative
1692846962.984304190,403,mavic3,gt,1.5327027371715758,8.00200867393687,9.533071799628374,,,,1.0,week1,mmaud;topic=/leica/point/relative
1692846963.182302475,404,mavic3,gt,1.378648867695233,7.983040641222033,9.536150270503612,,,,1.0,week1,mmaud;topic=/leica/point/relative
1692846963.382704020,405,mavic3,gt,1.243202526211121,7.983118410744737,9.53497537571117,,,,1.0,week1,mmaud;topic=/leica/point/relative
1692846963.584126472,406,mavic3,gt,1.0614801264219977,7.996238782485307,9.53340079700736,,,,1.0,week1,mmaud;topic=/leica/point/relative
1692846963.780656815,407,mavic3,gt,0.8994028627222406,8.019632938940731,9.531185838706932,,,,1.0,week1,mmaud;topic=/leica/point/relative
1692846963.985921383,408,mavic3,gt,0.764159029993607,8.066388710810543,9.524058678612178,,,,1.0,week1,mmaud;topic=/leica/point/relative
1692846964.184083939,409,mavic3,gt,0.6669211046018972,8.126631607467516,9.524817998170732,,,,1.0,week1,mmaud;topic=/leica/point/relative
1692846964.384001732,410,mavic3,gt,0.5740345390131552,8.222401764176766,9.52912293314428,,,,1.0,week1,mmaud;topic=/leica/point/relative
1692846964.583890438,411,mavic3,gt,0.5103571407512391,8.32885323194023,9.525214120882737,,,,1.0,week1,mmaud;topic=/leica/point/relative
1692846964.780977011,412,mavic3,gt,0.48779835998016097,8.416355929483188,9.517067352290596,,,,1.0,week1,mmaud;topic=/leica/point/relative
1692846964.983830690,413,mavic3,gt,0.5017341920348599,8.511176424029827,9.512721168539713,,,,1.0,week1,mmaud;topic=/leica/point/relative
1692846965.182848454,414,mavic3,gt,0.5490665079156543,8.572432730818036,9.509727295495722,,,,1.0,week1,mmaud;topic=/leica/point/relative
1692846965.382906914,415,mavic3,gt,0.6739822782330975,8.625388084719589,9.508867689218732,,,,1.0,week1,mmaud;topic=/leica/point/relative
1692846965.584025145,416,mavic3,gt,0.8235936188957567,8.64698528537815,9.509596888956082,,,,1.0,week1,mmaud;topic=/leica/point/relative
1692846965.781267643,417,mavic3,gt,1.0505102663453272,8.658571121500017,9.513411993609509,,,,1.0,week1,mmaud;topic=/leica/point/relative
1692846965.982931852,418,mavic3,gt,1.304125014202782,8.6588918982618,9.519220848803258,,,,1.0,week1,mmaud;topic=/leica/point/relative
1692846966.184612751,419,mavic3,gt,1.5600670576075117,8.65354381842917,9.524281902787834,,,,1.0,week1,mmaud;topic=/leica/point/relative
1692846966.382772446,420,mavic3,gt,1.7536216751444726,8.646949926498337,9.527933031227718,,,,1.0,week1,mmaud;topic=/leica/point/relative
1692846966.634844303,421,mavic3,gt,2.0096619174394164,8.632728068160077,9.533117289397865,,,,1.0,week1,mmaud;topic=/leica/point/relative
1692846966.832421541,422,mavic3,gt,2.187877884753334,8.614053057195179,9.534887747198937,,,,1.0,week1,mmaud;topic=/leica/point/relative
1692846967.034493208,423,mavic3,gt,2.2936090846117168,8.60096454981067,9.534346173281676,,,,1.0,week1,mmaud;topic=/leica/point/relative
1692846967.234947681,424,mavic3,gt,2.3883224209225773,8.595913523081663,9.536180785449261,,,,1.0,week1,mmaud;topic=/leica/point/relative
1692846967.434548378,425,mavic3,gt,2.4298979059188923,8.603255788580782,9.539588103271782,,,,1.0,week1,mmaud;topic=/leica/point/relative
1692846967.631611586,426,mavic3,gt,2.437151730229516,8.614602219739709,9.540163827953961,,,,1.0,week1,mmaud;topic=/leica/point/relative
1692846967.834175348,427,mavic3,gt,2.4206886350939385,8.631107436214961,9.540858767939142,,,,1.0,week1,mmaud;topic=/leica/point/relative
1692846968.034832954,428,mavic3,gt,2.3712001530103635,8.64423170357827,9.543501318184752,,,,1.0,week1,mmaud;topic=/leica/point/relative
1692846968.235940933,429,mavic3,gt,2.3044849460384285,8.652191149645432,9.544711259125648,,,,1.0,week1,mmaud;topic=/leica/point/relative
1692846968.434926510,430,mavic3,gt,2.1967226139788636,8.650031820271352,9.544830928685258,,,,1.0,week1,mmaud;topic=/leica/point/relative
1692846968.636269331,431,mavic3,gt,2.0767055750961845,8.631914222496789,9.545230644190426,,,,1.0,week1,mmaud;topic=/leica/point/relative
1692846968.836115360,432,mavic3,gt,1.9786125344468246,8.607350241680024,9.545220454410853,,,,1.0,week1,mmaud;topic=/leica/point/relative
1692846969.035024881,433,mavic3,gt,1.8653290759502852,8.565194580489106,9.543784191708909,,,,1.0,week1,mmaud;topic=/leica/point/relative
1692846969.234185457,434,mavic3,gt,1.7613657735554398,8.521803307728078,9.540816240710456,,,,1.0,week1,mmaud;topic=/leica/point/relative
1692846969.434821129,435,mavic3,gt,1.69830016777712,8.497577101093611,9.54308694479002,,,,1.0,week1,mmaud;topic=/leica/point/relative
1692846969.634452820,436,mavic3,gt,1.631535429180417,8.47430804848068,9.545271061995578,,,,1.0,week1,mmaud;topic=/leica/point/relative
1692846969.836984396,437,mavic3,gt,1.565103958544455,8.453968030236638,9.546313172671674,,,,1.0,week1,mmaud;topic=/leica/point/relative
1692846970.035098314,438,mavic3,gt,1.5270512465305046,8.445089875077201,9.548310305099022,,,,1.0,week1,mmaud;topic=/leica/point/relative
1692846970.236008883,439,mavic3,gt,1.4961671760505624,8.443795570291059,9.550371832489958,,,,1.0,week1,mmaud;topic=/leica/point/relative
1692846970.435971498,440,mavic3,gt,1.4761735926765596,8.448994866776502,9.551051705021337,,,,1.0,week1,mmaud;topic=/leica/point/relative
1692846970.634995222,441,mavic3,gt,1.453602670188502,8.466877467083123,9.552018029767225,,,,1.0,week1,mmaud;topic=/leica/point/relative
1692846970.835182190,442,mavic3,gt,1.4339592772939795,8.506737926072901,9.552395964100654,,,,1.0,week1,mmaud;topic=/leica/point/relative
1692846971.034204721,443,mavic3,gt,1.426709561407506,8.558258365834718,9.551806248260704,,,,1.0,week1,mmaud;topic=/leica/point/relative
1692846971.234659433,444,mavic3,gt,1.4326051555477761,8.657342915345225,9.55007815177379,,,,1.0,week1,mmaud;topic=/leica/point/relative
1692846971.434643745,445,mavic3,gt,1.4552975881479142,8.799283691852452,9.54971839658387,,,,1.0,week1,mmaud;topic=/leica/point/relative
1692846971.636658430,446,mavic3,gt,1.4935751262728445,8.983639935956944,9.550265570905395,,,,1.0,week1,mmaud;topic=/leica/point/relative
1692846971.835012674,447,mavic3,gt,1.5358669011693564,9.160939454932759,9.547855407570196,,,,1.0,week1,mmaud;topic=/leica/point/relative
1692846972.069175482,448,mavic3,gt,1.610596041488975,9.45765658500045,9.54532123433701,,,,1.0,week1,mmaud;topic=/leica/point/relative
1692846972.284849167,449,mavic3,gt,1.6824665461181212,9.737264069542562,9.544749746531693,,,,1.0,week1,mmaud;topic=/leica/point/relative
1692846972.487484694,450,mavic3,gt,1.7445010745973377,9.97590556213322,9.543519183201042,,,,1.0,week1,mmaud;topic=/leica/point/relative
1692846972.683247566,451,mavic3,gt,1.8284407607635558,10.278609211619596,9.542151515514234,,,,1.0,week1,mmaud;topic=/leica/point/relative
1692846972.881241560,452,mavic3,gt,1.9206134669242374,10.59534810408536,9.544172020562229,,,,1.0,week1,mmaud;topic=/leica/point/relative
1692846973.084036112,453,mavic3,gt,2.0130560014772527,10.90000314977192,9.544747068716106,,,,1.0,week1,mmaud;topic=/leica/point/relative
1692846973.283387661,454,mavic3,gt,2.0908763135772688,11.15399647316508,9.544276665639217,,,,1.0,week1,mmaud;topic=/leica/point/relative
1692846973.481650352,455,mavic3,gt,2.1880886424467008,11.47424073198954,9.543319379289287,,,,1.0,week1,mmaud;topic=/leica/point/relative
1692846973.684859991,456,mavic3,gt,2.288769771586999,11.796643557640209,9.549247890751985,,,,1.0,week1,mmaud;topic=/leica/point/relative
1692846973.883006096,457,mavic3,gt,2.369082106229598,12.0499534217995,9.551767763275464,,,,1.0,week1,mmaud;topic=/leica/point/relative
1692846974.082234859,458,mavic3,gt,2.4680582089191603,12.374378521732979,9.551671109004516,,,,1.0,week1,mmaud;topic=/leica/point/relative
1692846974.284661770,459,mavic3,gt,2.542998659955856,12.622891791105985,9.54942320647551,,,,1.0,week1,mmaud;topic=/leica/point/relative
1692846974.484326124,460,mavic3,gt,2.637294870947585,12.92965448922314,9.54745444835352,,,,1.0,week1,mmaud;topic=/leica/point/relative
1692846974.684217930,461,mavic3,gt,2.7340374672069174,13.23672553123788,9.548406030412465,,,,1.0,week1,mmaud;topic=/leica/point/relative
1692846974.882552385,462,mavic3,gt,2.8139357464898467,13.478342162011131,9.547098218466672,,,,1.0,week1,mmaud;topic=/leica/point/relative
1692846975.083039522,463,mavic3,gt,2.9141196264890823,13.77314036684993,9.546127542168051,,,,1.0,week1,mmaud;topic=/leica/point/relative
1692846975.283744574,464,mavic3,gt,3.0168989117736373,14.065641404266216,9.548124683842957,,,,1.0,week1,mmaud;topic=/leica/point/relative
1692846975.483210325,465,mavic3,gt,3.103099998856578,14.308168565171854,9.551281956635322,,,,1.0,week1,mmaud;topic=/leica/point/relative
1692846975.683405638,466,mavic3,gt,3.2067287081342783,14.602337711255814,9.547742262710088,,,,1.0,week1,mmaud;topic=/leica/point/relative
1692846975.884001017,467,mavic3,gt,3.29363669346003,14.846335213396287,9.54195024868524,,,,1.0,week1,mmaud;topic=/leica/point/relative
1692846976.108917713,468,mavic3,gt,3.420598431664871,15.193547219377024,9.53762579214549,,,,1.0,week1,mmaud;topic=/leica/point/relative
1692846976.385658741,469,mavic3,gt,3.5457867402599277,15.54030841007193,9.52982440903105,,,,1.0,week1,mmaud;topic=/leica/point/relative
1692846976.584070206,470,mavic3,gt,3.6288733207535415,15.771472912351783,9.521991600152177,,,,1.0,week1,mmaud;topic=/leica/point/relative
1692846976.783599854,471,mavic3,gt,3.737046018726005,16.069970015383888,9.515811658411252,,,,1.0,week1,mmaud;topic=/leica/point/relative
1692846976.985322475,472,mavic3,gt,3.81977628271909,16.294658001043445,9.51294266501489,,,,1.0,week1,mmaud;topic=/leica/point/relative
1692846977.183894873,473,mavic3,gt,3.92649124465197,16.590328249446884,9.509446764461202,,,,1.0,week1,mmaud;topic=/leica/point/relative
1692846977.383123636,474,mavic3,gt,4.0211788536662425,16.872086457150544,9.5001695005937,,,,1.0,week1,mmaud;topic=/leica/point/relative
1692846977.585234880,475,mavic3,gt,4.094390564864739,17.10126693241955,9.492975851496539,,,,1.0,week1,mmaud;topic=/leica/point/relative
1692846977.835224867,476,mavic3,gt,4.202545189319949,17.445585018366273,9.486788862682687,,,,1.0,week1,mmaud;topic=/leica/point/relative
1692846978.035545111,477,mavic3,gt,4.295753583348187,17.73800044135919,9.483937362667945,,,,1.0,week1,mmaud;topic=/leica/point/relative
1692846978.234404087,478,mavic3,gt,4.394281279829215,18.044712738013914,9.481518238363051,,,,1.0,week1,mmaud;topic=/leica/point/relative
1692846978.434292316,479,mavic3,gt,4.474868682460624,18.28954042358191,9.476246769261962,,,,1.0,week1,mmaud;topic=/leica/point/relative
1692846978.684011936,480,mavic3,gt,4.597158764897699,18.667578402538993,9.47209836093441,,,,1.0,week1,mmaud;topic=/leica/point/relative
1692846978.887075186,481,mavic3,gt,4.69867265781761,18.99400482000351,9.474730630989939,,,,1.0,week1,mmaud;topic=/leica/point/relative
1692846979.083443165,482,mavic3,gt,4.7804647282248425,19.25282278498139,9.475024529765719,,,,1.0,week1,mmaud;topic=/leica/point/relative
1692846979.281736135,483,mavic3,gt,4.8879352709092245,19.570642311011397,9.471768218059779,,,,1.0,week1,mmaud;topic=/leica/point/relative
1692846979.481909752,484,mavic3,gt,4.98058991746916,19.83997548469347,9.469197619682703,,,,1.0,week1,mmaud;topic=/leica/point/relative
1692846979.683583498,485,mavic3,gt,5.084554818774791,20.159468932880372,9.472428550528988,,,,1.0,week1,mmaud;topic=/leica/point/relative
1692846979.883999586,486,mavic3,gt,5.179936347649345,20.47240111592373,9.476390687984704,,,,1.0,week1,mmaud;topic=/leica/point/relative
1692846980.083102465,487,mavic3,gt,5.257553858229244,20.731172666900193,9.475023542704818,,,,1.0,week1,mmaud;topic=/leica/point/relative
1692846980.283078909,488,mavic3,gt,5.356598476481622,21.053070032602136,9.475954726319358,,,,1.0,week1,mmaud;topic=/leica/point/relative
1692846980.485125303,489,mavic3,gt,5.458779943674358,21.371929395965026,9.484382609821083,,,,1.0,week1,mmaud;topic=/leica/point/relative
1692846980.684730053,490,mavic3,gt,5.545035405386557,21.6254396649681,9.487703474374555,,,,1.0,week1,mmaud;topic=/leica/point/relative
1692846980.882958412,491,mavic3,gt,5.6570523012345575,21.94506399525244,9.49157559974276,,,,1.0,week1,mmaud;topic=/leica/point/relative
1692846981.083999634,492,mavic3,gt,5.768896901138646,22.262296526122327,9.492777922309003,,,,1.0,week1,mmaud;topic=/leica/point/relative
1692846981.282497168,493,mavic3,gt,5.855490774008899,22.505137110085116,9.496221720721891,,,,1.0,week1,mmaud;topic=/leica/point/relative
1692846981.483161926,494,mavic3,gt,5.9535014751264725,22.792784391100668,9.50505917735984,,,,1.0,week1,mmaud;topic=/leica/point/relative
1692846981.682872057,495,mavic3,gt,6.0501285083574885,23.078630519673197,9.509684663255229,,,,1.0,week1,mmaud;topic=/leica/point/relative
1692846981.884036541,496,mavic3,gt,6.129583869399312,23.312794683728043,9.507527799558972,,,,1.0,week1,mmaud;topic=/leica/point/relative
1692846982.084912777,497,mavic3,gt,6.209223625075879,23.558446497040677,9.50423605983947,,,,1.0,week1,mmaud;topic=/leica/point/relative
1692846982.281315088,498,mavic3,gt,6.248021044010443,23.68173671931163,9.501182852061476,,,,1.0,week1,mmaud;topic=/leica/point/relative
1692846982.485382080,499,mavic3,gt,6.289147404994878,23.79907813358909,9.499284262044682,,,,1.0,week1,mmaud;topic=/leica/point/relative
1692846982.684593439,500,mavic3,gt,6.317276715698654,23.900163925907464,9.49790797330877,,,,1.0,week1,mmaud;topic=/leica/point/relative
1692846982.878908634,501,mavic3,gt,6.326743468637574,23.95763613376198,9.495185496602161,,,,1.0,week1,mmaud;topic=/leica/point/relative
1692846983.084105253,502,mavic3,gt,6.328996454736398,24.00049964500613,9.493987941613256,,,,1.0,week1,mmaud;topic=/leica/point/relative
1692846983.282894373,503,mavic3,gt,6.330974739893463,24.01977015367038,9.499692102424618,,,,1.0,week1,mmaud;topic=/leica/point/relative
1692846983.485667944,504,mavic3,gt,6.333636057718422,24.026307377400144,9.52361860933972,,,,1.0,week1,mmaud;topic=/leica/point/relative
1692846983.736247778,505,mavic3,gt,6.33926434674845,24.02774543761916,9.610311529146784,,,,1.0,week1,mmaud;topic=/leica/point/relative
1692846983.983440399,506,mavic3,gt,6.344992752022449,24.034119821350032,9.73107963179217,,,,1.0,week1,mmaud;topic=/leica/point/relative
1692846984.182819128,507,mavic3,gt,6.344447174708762,24.038340674954725,9.839477582742632,,,,1.0,week1,mmaud;topic=/leica/point/relative
1692846984.385332108,508,mavic3,gt,6.3425607766574785,24.03791788614967,9.926035515242887,,,,1.0,week1,mmaud;topic=/leica/point/relative
1692846984.637420177,509,mavic3,gt,6.343048637781749,24.035457629085613,10.062661545680157,,,,1.0,week1,mmaud;topic=/leica/point/relative
1692846984.834960938,510,mavic3,gt,6.342090877717283,24.02946692441651,10.176371471953587,,,,1.0,week1,mmaud;topic=/leica/point/relative
1692846985.034952164,511,mavic3,gt,6.334932522869394,24.021067834998803,10.271246910013815,,,,1.0,week1,mmaud;topic=/leica/point/relative
1692846985.236280203,512,mavic3,gt,6.322070049983495,24.011968476416087,10.385639251280239,,,,1.0,week1,mmaud;topic=/leica/point/relative
1692846985.436019897,513,mavic3,gt,6.312663070229178,24.01050736236448,10.475666473800459,,,,1.0,week1,mmaud;topic=/leica/point/relative
1692846985.634651184,514,mavic3,gt,6.303318783736245,24.014755054353373,10.588315346121561,,,,1.0,week1,mmaud;topic=/leica/point/relative
1692846985.834485531,515,mavic3,gt,6.297042723960317,24.021153533999723,10.719762957009436,,,,1.0,week1,mmaud;topic=/leica/point/relative
1692846986.036672592,516,mavic3,gt,6.289134742510555,24.027032317481144,10.848735778594687,,,,1.0,week1,mmaud;topic=/leica/point/relative
1692846986.284629345,517,mavic3,gt,6.275221711366612,24.036324956198314,10.984708334145239,,,,1.0,week1,mmaud;topic=/leica/point/relative
1692846986.486682653,518,mavic3,gt,6.262394858118341,24.05204271566072,11.123942178379181,,,,1.0,week1,mmaud;topic=/leica/point/relative
1692846986.683412790,519,mavic3,gt,6.25285432925034,24.070222749422783,11.236190744878982,,,,1.0,week1,mmaud;topic=/leica/point/relative
1692846986.882412434,520,mavic3,gt,6.2383951255174,24.093379487494985,11.371564337767197,,,,1.0,week1,mmaud;topic=/leica/point/relative
1692846987.083730459,521,mavic3,gt,6.225807567109996,24.11302035433937,11.504951790415973,,,,1.0,week1,mmaud;topic=/leica/point/relative
1692846987.284094572,522,mavic3,gt,6.218701335545461,24.12336216563608,11.613881361520598,,,,1.0,week1,mmaud;topic=/leica/point/relative
1692846987.499001741,523,mavic3,gt,6.214202867894983,24.124836650192492,11.74712100348765,,,,1.0,week1,mmaud;topic=/leica/point/relative
1692846987.687493563,524,mavic3,gt,6.215257418549413,24.112174263462748,11.902757759336467,,,,1.0,week1,mmaud;topic=/leica/point/relative
1692846987.885459661,525,mavic3,gt,6.221221271027957,24.10414397563204,12.02194436985998,,,,1.0,week1,mmaud;topic=/leica/point/relative
1692846988.084072351,526,mavic3,gt,6.233997694270329,24.09994977776546,12.171732885549446,,,,1.0,week1,mmaud;topic=/leica/point/relative
1692846988.285781145,527,mavic3,gt,6.244797142922835,24.097686706109016,12.276565845332613,,,,1.0,week1,mmaud;topic=/leica/point/relative
1692846988.485013723,528,mavic3,gt,6.261390768987212,24.092898835137703,12.4198674737343,,,,1.0,week1,mmaud;topic=/leica/point/relative
1692846988.683486938,529,mavic3,gt,6.276396356692771,24.089073557247957,12.556533293499598,,,,1.0,week1,mmaud;topic=/leica/point/relative
1692846988.885570765,530,mavic3,gt,6.287657480630628,24.083847241772673,12.664616187557499,,,,1.0,week1,mmaud;topic=/leica/point/relative
1692846989.100812912,531,mavic3,gt,6.29633834037395,24.07582437509859,12.802724097522315,,,,1.0,week1,mmaud;topic=/leica/point/relative
1692846989.296787977,532,mavic3,gt,6.296871451032985,24.06760245872192,12.936249382471374,,,,1.0,week1,mmaud;topic=/leica/point/relative
1692846989.487525463,533,mavic3,gt,6.294830901162072,24.058559191158565,13.04344641171248,,,,1.0,week1,mmaud;topic=/leica/point/relative
1692846989.684308767,534,mavic3,gt,6.290020068476338,24.048681944932696,13.179882920877617,,,,1.0,week1,mmaud;topic=/leica/point/relative
1692846989.884486437,535,mavic3,gt,6.2781711901585595,24.032792868934393,13.314048957669613,,,,1.0,week1,mmaud;topic=/leica/point/relative
1692846990.085395575,536,mavic3,gt,6.265889341233333,24.0178773700045,13.429064008519205,,,,1.0,week1,mmaud;topic=/leica/point/relative
1692846990.283866882,537,mavic3,gt,6.255334578341262,23.99924941983909,13.56494469672154,,,,1.0,week1,mmaud;topic=/leica/point/relative
1692846990.490141630,538,mavic3,gt,6.244960760040385,23.976782586242734,13.700185641892332,,,,1.0,week1,mmaud;topic=/leica/point/relative
1692846990.685981989,539,mavic3,gt,6.237465549694775,23.96085075921451,13.814399953265223,,,,1.0,week1,mmaud;topic=/leica/point/relative
1692846990.883505583,540,mavic3,gt,6.229642146499486,23.946676856709473,13.947811484701802,,,,1.0,week1,mmaud;topic=/leica/point/relative
1692846991.112701178,541,mavic3,gt,6.225392534071375,23.934710661712415,14.10367030375474,,,,1.0,week1,mmaud;topic=/leica/point/relative
1692846991.335335493,542,mavic3,gt,6.214018108210212,23.925002438960064,14.245227930725449,,,,1.0,week1,mmaud;topic=/leica/point/relative
1692846991.536361456,543,mavic3,gt,6.198329042864202,23.921953704708585,14.351003855937819,,,,1.0,week1,mmaud;topic=/leica/point/relative
1692846991.737008333,544,mavic3,gt,6.174292840283215,23.919196712564826,14.479103812779371,,,,1.0,week1,mmaud;topic=/leica/point/relative
1692846991.950243473,545,mavic3,gt,6.1448553129034735,23.91790427732144,14.608657089644339,,,,1.0,week1,mmaud;topic=/leica/point/relative
1692846992.184379816,546,mavic3,gt,6.124605598024573,23.919010821834036,14.727928281311108,,,,1.0,week1,mmaud;topic=/leica/point/relative
1692846992.383868694,547,mavic3,gt,6.108642745366865,23.918092665932136,14.8593218227075,,,,1.0,week1,mmaud;topic=/leica/point/relative
1692846992.587976933,548,mavic3,gt,6.100943422617775,23.914954951138043,14.984300121600356,,,,1.0,week1,mmaud;topic=/leica/point/relative
1692846992.777490139,549,mavic3,gt,6.101003219415929,23.91191561265441,15.086230407673654,,,,1.0,week1,mmaud;topic=/leica/point/relative
1692846992.982840061,550,mavic3,gt,6.103812362933354,23.904177452582644,15.208130508913001,,,,1.0,week1,mmaud;topic=/leica/point/relative
1692846993.178143740,551,mavic3,gt,6.107055266200518,23.885879969129746,15.325664912029936,,,,1.0,week1,mmaud;topic=/leica/point/relative
1692846993.384317636,552,mavic3,gt,6.11461627324843,23.864160444494473,15.432407306327406,,,,1.0,week1,mmaud;topic=/leica/point/relative
1692846993.583274126,553,mavic3,gt,6.133679697266871,23.841917811007306,15.558478796002731,,,,1.0,week1,mmaud;topic=/leica/point/relative
1692846993.787268400,554,mavic3,gt,6.161074394243997,23.822905306154098,15.68653905356436,,,,1.0,week1,mmaud;topic=/leica/point/relative
1692846993.984216690,555,mavic3,gt,6.182639863482564,23.809932171205674,15.789665063498944,,,,1.0,week1,mmaud;topic=/leica/point/relative
1692846994.181651115,556,mavic3,gt,6.204684386587701,23.79177703290179,15.916748084847185,,,,1.0,week1,mmaud;topic=/leica/point/relative
1692846994.383039951,557,mavic3,gt,6.2205040438872174,23.777546134823524,16.05217780212095,,,,1.0,week1,mmaud;topic=/leica/point/relative
1692846994.583823919,558,mavic3,gt,6.229362636173164,23.767670921510216,16.151485854319475,,,,1.0,week1,mmaud;topic=/leica/point/relative
1692846994.781943560,559,mavic3,gt,6.23331703748886,23.760493325518382,16.27284950773914,,,,1.0,week1,mmaud;topic=/leica/point/relative
1692846994.984058142,560,mavic3,gt,6.235034168948459,23.75720201219042,16.39022380405403,,,,1.0,week1,mmaud;topic=/leica/point/relative
1692846995.184132576,561,mavic3,gt,6.234513661383403,23.753298731332507,16.48214562887084,,,,1.0,week1,mmaud;topic=/leica/point/relative
1692846995.383963108,562,mavic3,gt,6.238896648440004,23.747349406416333,16.60287769012548,,,,1.0,week1,mmaud;topic=/leica/point/relative
1692846995.585197210,563,mavic3,gt,6.249742837633448,23.740106278800795,16.725871312505262,,,,1.0,week1,mmaud;topic=/leica/point/relative
1692846995.782611132,564,mavic3,gt,6.258263720715263,23.73548141210358,16.82078941441938,,,,1.0,week1,mmaud;topic=/leica/point/relative
1692846995.982964993,565,mavic3,gt,6.269019457632226,23.739006335565364,16.94165632490511,,,,1.0,week1,mmaud;topic=/leica/point/relative
1692846996.182257891,566,mavic3,gt,6.281271275383801,23.75165843496211,17.061136553303356,,,,1.0,week1,mmaud;topic=/leica/point/relative
1692846996.385599375,567,mavic3,gt,6.293109562914765,23.764626341363282,17.158000779655936,,,,1.0,week1,mmaud;topic=/leica/point/relative
1692846996.637818813,568,mavic3,gt,6.311023185181057,23.79294961984442,17.29912823890649,,,,1.0,week1,mmaud;topic=/leica/point/relative
1692846996.834414005,569,mavic3,gt,6.321335894291906,23.8262621722547,17.416714733280102,,,,1.0,week1,mmaud;topic=/leica/point/relative
1692846997.030866861,570,mavic3,gt,6.331234954293791,23.862802173835917,17.53715327459078,,,,1.0,week1,mmaud;topic=/leica/point/relative
1692846997.228964567,571,mavic3,gt,6.338381934704671,23.881265536565024,17.636910851082305,,,,1.0,week1,mmaud;topic=/leica/point/relative
1692846997.436465740,572,mavic3,gt,6.3500344530658595,23.890505769872107,17.769027001472807,,,,1.0,week1,mmaud;topic=/leica/point/relative
1692846997.637084723,573,mavic3,gt,6.354369322718412,23.889560921182692,17.906436808086312,,,,1.0,week1,mmaud;topic=/leica/point/relative
1692846997.837076902,574,mavic3,gt,6.350642182653701,23.891912678837343,18.009778857822923,,,,1.0,week1,mmaud;topic=/leica/point/relative
1692846998.029306889,575,mavic3,gt,6.342012649300273,23.89752655116922,18.134681560516867,,,,1.0,week1,mmaud;topic=/leica/point/relative
1692846998.236288309,576,mavic3,gt,6.336350093952774,23.897431050455452,18.260979510520755,,,,1.0,week1,mmaud;topic=/leica/point/relative
1692846998.484444141,577,mavic3,gt,6.339191623468537,23.891562379733386,18.384209775711298,,,,1.0,week1,mmaud;topic=/leica/point/relative
1692846998.684040785,578,mavic3,gt,6.347168499767349,23.87992978991838,18.508776448678447,,,,1.0,week1,mmaud;topic=/leica/point/relative
1692846998.883270979,579,mavic3,gt,6.35641097146663,23.8664944209404,18.633549905317864,,,,1.0,week1,mmaud;topic=/leica/point/relative
1692846999.112256289,580,mavic3,gt,6.35872202576661,23.860185059819287,18.75482037454819,,,,1.0,week1,mmaud;topic=/leica/point/relative
1692846999.348548889,581,mavic3,gt,6.352752425874883,23.859647462059,18.898410463089462,,,,1.0,week1,mmaud;topic=/leica/point/relative
1692846999.548849821,582,mavic3,gt,6.344224145948942,23.858936902685173,19.00130979670996,,,,1.0,week1,mmaud;topic=/leica/point/relative
1692846999.786199093,583,mavic3,gt,6.3341523938692035,23.86079872761502,19.13088615724739,,,,1.0,week1,mmaud;topic=/leica/point/relative
1692847000.009063244,584,mavic3,gt,6.323192094967112,23.869024816654928,19.261981363029932,,,,1.0,week1,mmaud;topic=/leica/point/relative
1692847000.220173359,585,mavic3,gt,6.3129243017743875,23.88010828804977,19.347471985487857,,,,1.0,week1,mmaud;topic=/leica/point/relative
1692847000.450271606,586,mavic3,gt,6.309455419008259,23.88820321292542,19.418658559050783,,,,1.0,week1,mmaud;topic=/leica/point/relative
1692847000.641602278,587,mavic3,gt,6.310322326507389,23.887282547706263,19.465224519026634,,,,1.0,week1,mmaud;topic=/leica/point/relative
1692847000.829411983,588,mavic3,gt,6.311050785455109,23.881739055495018,19.515443645984888,,,,1.0,week1,mmaud;topic=/leica/point/relative
1692847001.034150839,589,mavic3,gt,6.3076841994613915,23.878920881511704,19.557599054696794,,,,1.0,week1,mmaud;topic=/leica/point/relative
1692847001.277724743,590,mavic3,gt,6.303075429169894,23.877958050451525,19.591951845379427,,,,1.0,week1,mmaud;topic=/leica/point/relative
1692847001.484372854,591,mavic3,gt,6.302344076067243,23.87474723762125,19.62371714637372,,,,1.0,week1,mmaud;topic=/leica/point/relative
1692847001.679720640,592,mavic3,gt,6.3039181342521715,23.868705604188563,19.64891431272291,,,,1.0,week1,mmaud;topic=/leica/point/relative
1692847001.886443615,593,mavic3,gt,6.307805746309441,23.86428199778061,19.667386281785042,,,,1.0,week1,mmaud;topic=/leica/point/relative
1692847002.080305338,594,mavic3,gt,6.310647643943867,23.859156220353952,19.69020043140975,,,,1.0,week1,mmaud;topic=/leica/point/relative
1692847002.279187918,595,mavic3,gt,6.309058413580942,23.855538770848398,19.705119697924843,,,,1.0,week1,mmaud;topic=/leica/point/relative
1692847002.490957737,596,mavic3,gt,6.303734923067509,23.850885810274576,19.708858705836548,,,,1.0,week1,mmaud;topic=/leica/point/relative
1692847002.684214354,597,mavic3,gt,6.29877870708799,23.844259103056174,19.71221829395313,,,,1.0,week1,mmaud;topic=/leica/point/relative
1692847002.886158228,598,mavic3,gt,6.293746921441539,23.83335205532103,19.715705248563125,,,,1.0,week1,mmaud;topic=/leica/point/relative
1692847003.087241650,599,mavic3,gt,6.28646753268572,23.816925266888575,19.717948233975505,,,,1.0,week1,mmaud;topic=/leica/point/relative
1692847003.283086777,600,mavic3,gt,6.273165137706883,23.780573320023905,19.719352368076372,,,,1.0,week1,mmaud;topic=/leica/point/relative
1692847003.482858181,601,mavic3,gt,6.251525218574443,23.727419616632687,19.721060828118965,,,,1.0,week1,mmaud;topic=/leica/point/relative
1692847003.686834097,602,mavic3,gt,6.230684767528146,23.67074269823206,19.72355996236776,,,,1.0,week1,mmaud;topic=/leica/point/relative
1692847003.883870602,603,mavic3,gt,6.19832856858784,23.58294282265979,19.72850341124183,,,,1.0,week1,mmaud;topic=/leica/point/relative
1692847004.082870007,604,mavic3,gt,6.161877323410636,23.4774196735616,19.732317070046307,,,,1.0,week1,mmaud;topic=/leica/point/relative
1692847004.286375761,605,mavic3,gt,6.122653962043955,23.354511940995053,19.736037844800222,,,,1.0,week1,mmaud;topic=/leica/point/relative
1692847004.485121012,606,mavic3,gt,6.08828380788384,23.243219864388493,19.739966135328146,,,,1.0,week1,mmaud;topic=/leica/point/relative
1692847004.683240652,607,mavic3,gt,6.040262575886231,23.086233832245398,19.742990846542114,,,,1.0,week1,mmaud;topic=/leica/point/relative
1692847004.885982513,608,mavic3,gt,6.000492051413744,22.96225160151539,19.741719440361734,,,,1.0,week1,mmaud;topic=/leica/point/relative
1692847005.083623409,609,mavic3,gt,5.9449215281402985,22.792136822662314,19.742290076887997,,,,1.0,week1,mmaud;topic=/leica/point/relative
1692847005.284090281,610,mavic3,gt,5.884242079907949,22.60990747729602,19.742916147508012,,,,1.0,week1,mmaud;topic=/leica/point/relative
1692847005.484217405,611,mavic3,gt,5.831833141170932,22.46034479600371,19.745934583257295,,,,1.0,week1,mmaud;topic=/leica/point/relative
1692847005.682871342,612,mavic3,gt,5.760925894454999,22.25453149733562,19.74833599203015,,,,1.0,week1,mmaud;topic=/leica/point/relative
1692847005.885485649,613,mavic3,gt,5.683900738919988,22.028048484183955,19.749026274686884,,,,1.0,week1,mmaud;topic=/leica/point/relative
1692847006.093181372,614,mavic3,gt,5.602843542169694,21.79056118938388,19.75020714769029,,,,1.0,week1,mmaud;topic=/leica/point/relative
1692847006.282481194,615,mavic3,gt,5.536184527854857,21.596079528193513,19.749963533023077,,,,1.0,week1,mmaud;topic=/leica/point/relative
1692847006.485143661,616,mavic3,gt,5.444056217678622,21.337831641254752,19.749582675009194,,,,1.0,week1,mmaud;topic=/leica/point/relative
1692847006.686897039,617,mavic3,gt,5.366885838331655,21.128405540724543,19.75085248486556,,,,1.0,week1,mmaud;topic=/leica/point/relative
1692847006.883097172,618,mavic3,gt,5.268152495447453,20.86293651710912,19.749932099670545,,,,1.0,week1,mmaud;topic=/leica/point/relative
1692847007.083523273,619,mavic3,gt,5.160375200410613,20.579910265687886,19.748834764909276,,,,1.0,week1,mmaud;topic=/leica/point/relative
1692847007.292263746,620,mavic3,gt,5.048355531352513,20.28894836325526,19.74963910183287,,,,1.0,week1,mmaud;topic=/leica/point/relative
1692847007.485303879,621,mavic3,gt,4.960722408310971,20.06242562328407,19.74858548902253,,,,1.0,week1,mmaud;topic=/leica/point/relative
1692847007.684731960,622,mavic3,gt,4.844579812634947,19.77071879826667,19.749057072703096,,,,1.0,week1,mmaud;topic=/leica/point/relative
1692847007.885424376,623,mavic3,gt,4.743636543019761,19.518537501532137,19.74930609830048,,,,1.0,week1,mmaud;topic=/leica/point/relative
1692847008.085408926,624,mavic3,gt,4.622649050582822,19.212758989754093,19.748985988455246,,,,1.0,week1,mmaud;topic=/leica/point/relative
1692847008.288000584,625,mavic3,gt,4.50254343152892,18.902336275051084,19.749391996926704,,,,1.0,week1,mmaud;topic=/leica/point/relative
1692847008.493706942,626,mavic3,gt,4.402172767977731,18.642634000271528,19.75044782660551,,,,1.0,week1,mmaud;topic=/leica/point/relative
1692847008.685727596,627,mavic3,gt,4.283678824868275,18.339409818557897,19.75001208141046,,,,1.0,week1,mmaud;topic=/leica/point/relative
1692847008.884354115,628,mavic3,gt,4.164479216574932,18.03952344768595,19.74786268636541,,,,1.0,week1,mmaud;topic=/leica/point/relative
1692847009.086080551,629,mavic3,gt,4.075409090481685,17.80465219347502,19.74597867310385,,,,1.0,week1,mmaud;topic=/leica/point/relative
1692847009.284728765,630,mavic3,gt,3.969931260335784,17.50382643967896,19.74769447368567,,,,1.0,week1,mmaud;topic=/leica/point/relative
1692847009.483932018,631,mavic3,gt,3.8769074015383467,17.211273529509526,19.747122478485636,,,,1.0,week1,mmaud;topic=/leica/point/relative
1692847009.686291695,632,mavic3,gt,3.806799801875627,16.983982480777513,19.747328800419695,,,,1.0,week1,mmaud;topic=/leica/point/relative
1692847009.883811235,633,mavic3,gt,3.7199180951949984,16.706382426204073,19.74796631504934,,,,1.0,week1,mmaud;topic=/leica/point/relative
1692847010.085243702,634,mavic3,gt,3.6354329728272887,16.428344881112253,19.7491953549509,,,,1.0,week1,mmaud;topic=/leica/point/relative
1692847010.286792517,635,mavic3,gt,3.574442042782266,16.209652086123242,19.752812337434747,,,,1.0,week1,mmaud;topic=/leica/point/relative
1692847010.485276699,636,mavic3,gt,3.5032406247451036,15.941732224366206,19.754039015766537,,,,1.0,week1,mmaud;topic=/leica/point/relative
1692847010.684084892,637,mavic3,gt,3.434510572584486,15.685180584551972,19.75543310234778,,,,1.0,week1,mmaud;topic=/leica/point/relative
1692847010.885809183,638,mavic3,gt,3.375140403402497,15.475861271599797,19.75706780994551,,,,1.0,week1,mmaud;topic=/leica/point/relative
1692847011.083507776,639,mavic3,gt,3.298594803907463,15.212906351272977,19.7565506865986,,,,1.0,week1,mmaud;topic=/leica/point/relative
1692847011.284605503,640,mavic3,gt,3.223169504077532,14.955884029394838,19.755332479469075,,,,1.0,week1,mmaud;topic=/leica/point/relative
1692847011.486377001,641,mavic3,gt,3.1597830814345116,14.742710995996958,19.75706951329046,,,,1.0,week1,mmaud;topic=/leica/point/relative
1692847011.684933424,642,mavic3,gt,3.0799219375489884,14.47266656779334,19.75590556624357,,,,1.0,week1,mmaud;topic=/leica/point/relative
1692847011.885036230,643,mavic3,gt,3.0060666170115837,14.2152651399972,19.752314733525708,,,,1.0,week1,mmaud;topic=/leica/point/relative
1692847012.087139606,644,mavic3,gt,2.9470216688754363,14.009206183926153,19.752532101140915,,,,1.0,week1,mmaud;topic=/leica/point/relative
1692847012.285310268,645,mavic3,gt,2.868495096890115,13.74293947947126,19.752496041717365,,,,1.0,week1,mmaud;topic=/leica/point/relative
1692847012.490041971,646,mavic3,gt,2.7896524574997557,13.477223274170228,19.752600288219924,,,,1.0,week1,mmaud;topic=/leica/point/relative
1692847012.686689615,647,mavic3,gt,2.728166217601256,13.269881273367218,19.752584642105234,,,,1.0,week1,mmaud;topic=/leica/point/relative
1692847012.884553671,648,mavic3,gt,2.651075297016064,13.014294476830855,19.755390836688633,,,,1.0,week1,mmaud;topic=/leica/point/relative
1692847013.115288496,649,mavic3,gt,2.5569251622434876,12.714181705768397,19.753094782473696,,,,1.0,week1,mmaud;topic=/leica/point/relative
1692847013.335440159,650,mavic3,gt,2.4772896553540704,12.459659139595487,19.754050607654193,,,,1.0,week1,mmaud;topic=/leica/point/relative
1692847013.538082838,651,mavic3,gt,2.396965760999933,12.197922152851106,19.750084267599192,,,,1.0,week1,mmaud;topic=/leica/point/relative
1692847013.749817848,652,mavic3,gt,2.3324914325586406,11.9840717184195,19.748556521524534,,,,1.0,week1,mmaud;topic=/leica/point/relative
1692847013.944686890,653,mavic3,gt,2.2523025129245298,11.734606634509646,19.743919835583938,,,,1.0,week1,mmaud;topic=/leica/point/relative
1692847014.138019562,654,mavic3,gt,2.162343138012716,11.47781125741335,19.74186165702494,,,,1.0,week1,mmaud;topic=/leica/point/relative
1692847014.337465525,655,mavic3,gt,2.0893996465558757,11.275539033180166,19.74253116608473,,,,1.0,week1,mmaud;topic=/leica/point/relative
1692847014.584023714,656,mavic3,gt,1.973970889673069,10.963822297855813,19.740179363464506,,,,1.0,week1,mmaud;topic=/leica/point/relative
1692847014.785984516,657,mavic3,gt,1.875554069490022,10.700826277712622,19.738590775675178,,,,1.0,week1,mmaud;topic=/leica/point/relative
1692847014.987027884,658,mavic3,gt,1.801071289870606,10.494679580771162,19.734543016849216,,,,1.0,week1,mmaud;topic=/leica/point/relative
1692847015.182881594,659,mavic3,gt,1.7071954753325826,10.216433667265164,19.73103458923819,,,,1.0,week1,mmaud;topic=/leica/point/relative
1692847015.383585930,660,mavic3,gt,1.614163779665887,9.94408300090322,19.73319892718908,,,,1.0,week1,mmaud;topic=/leica/point/relative
1692847015.584031820,661,mavic3,gt,1.5340104311152345,9.739021055898547,19.731871886449724,,,,1.0,week1,mmaud;topic=/leica/point/relative
1692847015.784820557,662,mavic3,gt,1.423366294643074,9.483595345884169,19.7281999637504,,,,1.0,week1,mmaud;topic=/leica/point/relative
1692847015.985567570,663,mavic3,gt,1.3402410249022978,9.302315446268267,19.723746447931916,,,,1.0,week1,mmaud;topic=/leica/point/relative
1692847016.185317278,664,mavic3,gt,1.2715362223133297,9.171475854971277,19.725223287728937,,,,1.0,week1,mmaud;topic=/leica/point/relative
1692847016.384489059,665,mavic3,gt,1.2272292250819419,9.102102103913012,19.729179760711105,,,,1.0,week1,mmaud;topic=/leica/point/relative
1692847016.598711491,666,mavic3,gt,1.1953221432671626,9.052040390196908,19.729992631026477,,,,1.0,week1,mmaud;topic=/leica/point/relative
1692847016.788199425,667,mavic3,gt,1.176339929028245,9.01493510978662,19.731354195000137,,,,1.0,week1,mmaud;topic=/leica/point/relative
1692847016.985333443,668,mavic3,gt,1.1584671079914415,8.969776246804031,19.731085027622854,,,,1.0,week1,mmaud;topic=/leica/point/relative
1692847017.184300661,669,mavic3,gt,1.1487521443200421,8.93410534986674,19.7302473773983,,,,1.0,week1,mmaud;topic=/leica/point/relative
1692847017.380991459,670,mavic3,gt,1.1414054735349737,8.886724104713267,19.7323431370273,,,,1.0,week1,mmaud;topic=/leica/point/relative
1692847017.580683708,671,mavic3,gt,1.1408277564036098,8.829610456600903,19.738118102961323,,,,1.0,week1,mmaud;topic=/leica/point/relative
1692847017.783859253,672,mavic3,gt,1.1490237084545925,8.774568734170543,19.741518129319815,,,,1.0,week1,mmaud;topic=/leica/point/relative
1692847017.985635519,673,mavic3,gt,1.174346023496014,8.699119507895375,19.742687274350004,,,,1.0,week1,mmaud;topic=/leica/point/relative
1692847018.186286926,674,mavic3,gt,1.2206617945199696,8.623542987433439,19.740602120177442,,,,1.0,week1,mmaud;topic=/leica/point/relative
1692847018.385478735,675,mavic3,gt,1.2707635117599239,8.562586095353936,19.74079854002902,,,,1.0,week1,mmaud;topic=/leica/point/relative
1692847018.583837032,676,mavic3,gt,1.342973127265168,8.48325669513747,19.74399087968925,,,,1.0,week1,mmaud;topic=/leica/point/relative
1692847018.783902884,677,mavic3,gt,1.4298139862723929,8.395434687055513,19.746920802411765,,,,1.0,week1,mmaud;topic=/leica/point/relative
1692847018.983009338,678,mavic3,gt,1.5092608433735677,8.323722063684045,19.749347307345772,,,,1.0,week1,mmaud;topic=/leica/point/relative
1692847019.185756445,679,mavic3,gt,1.6102421332295762,8.237441006262088,19.75464457814836,,,,1.0,week1,mmaud;topic=/leica/point/relative
1692847019.386704683,680,mavic3,gt,1.6983181006934274,8.151594496398275,19.762695992706767,,,,1.0,week1,mmaud;topic=/leica/point/relative
1692847019.586776018,681,mavic3,gt,1.753437210109837,8.077757729696941,19.765628953559258,,,,1.0,week1,mmaud;topic=/leica/point/relative
1692847019.784851313,682,mavic3,gt,1.7930649268427032,7.982835087232843,19.765724177240173,,,,1.0,week1,mmaud;topic=/leica/point/relative
1692847019.986645699,683,mavic3,gt,1.7964799267174385,7.880721282499735,19.768792910920112,,,,1.0,week1,mmaud;topic=/leica/point/relative
1692847020.187974215,684,mavic3,gt,1.775913623759493,7.801019310630863,19.76858124457803,,,,1.0,week1,mmaud;topic=/leica/point/relative
1692847020.385823011,685,mavic3,gt,1.725363767242925,7.712258034928027,19.766101145866003,,,,1.0,week1,mmaud;topic=/leica/point/relative
1692847020.635942221,686,mavic3,gt,1.6379341124035136,7.633181926930547,19.760052983108068,,,,1.0,week1,mmaud;topic=/leica/point/relative
1692847020.837512732,687,mavic3,gt,1.5603763851364647,7.592011232450659,19.7568395115687,,,,1.0,week1,mmaud;topic=/leica/point/relative
1692847021.036304712,688,mavic3,gt,1.4534149274968513,7.552032433619388,19.756077707346066,,,,1.0,week1,mmaud;topic=/leica/point/relative
1692847021.237418890,689,mavic3,gt,1.3568689955288846,7.531359430174007,19.75602720382112,,,,1.0,week1,mmaud;topic=/leica/point/relative
1692847021.437656164,690,mavic3,gt,1.2446590544878973,7.522342355875935,19.75405762743671,,,,1.0,week1,mmaud;topic=/leica/point/relative
1692847021.636312008,691,mavic3,gt,1.1458065943110114,7.5276185391523995,19.75145577183298,,,,1.0,week1,mmaud;topic=/leica/point/relative
1692847021.848251581,692,mavic3,gt,1.0677171499919496,7.553682879143025,19.75154339940343,,,,1.0,week1,mmaud;topic=/leica/point/relative
1692847022.035909653,693,mavic3,gt,1.0151915981218735,7.5916061076054575,19.75121428302532,,,,1.0,week1,mmaud;topic=/leica/point/relative
1692847022.236593246,694,mavic3,gt,0.9721428415210767,7.662969594991409,19.75434846874137,,,,1.0,week1,mmaud;topic=/leica/point/relative
1692847022.437658787,695,mavic3,gt,0.9502836302600599,7.7708763601433475,19.757501160450445,,,,1.0,week1,mmaud;topic=/leica/point/relative
1692847022.638139963,696,mavic3,gt,0.9462155057728978,7.89219861304764,19.759191414840586,,,,1.0,week1,mmaud;topic=/leica/point/relative
1692847022.836622238,697,mavic3,gt,0.9556708441710953,8.074614641537664,19.762491449540704,,,,1.0,week1,mmaud;topic=/leica/point/relative
1692847023.042141438,698,mavic3,gt,0.9827280522334831,8.300654619368288,19.760107339054827,,,,1.0,week1,mmaud;topic=/leica/point/relative
1692847023.237180710,699,mavic3,gt,1.0251435672088292,8.542395166490223,19.765997433539468,,,,1.0,week1,mmaud;topic=/leica/point/relative
1692847023.436304808,700,mavic3,gt,1.0663553407268864,8.731559683063324,19.764224080475458,,,,1.0,week1,mmaud;topic=/leica/point/relative
1692847023.635010958,701,mavic3,gt,1.1171891932364133,8.947105562441038,19.75550408019339,,,,1.0,week1,mmaud;topic=/leica/point/relative
1692847023.836120129,702,mavic3,gt,1.1573711307197527,9.13103044800755,19.750532965413214,,,,1.0,week1,mmaud;topic=/leica/point/relative
1692847024.036497116,703,mavic3,gt,1.1828816735243208,9.262929882466324,19.750383003916625,,,,1.0,week1,mmaud;topic=/leica/point/relative
1692847024.234158516,704,mavic3,gt,1.2052837087571788,9.399570034651106,19.74894579214171,,,,1.0,week1,mmaud;topic=/leica/point/relative
1692847024.442074537,705,mavic3,gt,1.210987132305604,9.470381566920423,19.73827801767203,,,,1.0,week1,mmaud;topic=/leica/point/relative
1692847024.684518814,706,mavic3,gt,1.2039221750242177,9.51000446110811,19.73143918920013,,,,1.0,week1,mmaud;topic=/leica/point/relative
1692847024.885695934,707,mavic3,gt,1.1797107780676015,9.480441570309267,19.730011409040372,,,,1.0,week1,mmaud;topic=/leica/point/relative
1692847025.085065842,708,mavic3,gt,1.142387035311117,9.411756705058906,19.728244522043838,,,,1.0,week1,mmaud;topic=/leica/point/relative
1692847025.286665678,709,mavic3,gt,1.0732877425937204,9.273150370659778,19.725631624616483,,,,1.0,week1,mmaud;topic=/leica/point/relative
1692847025.486215591,710,mavic3,gt,0.9881354837631307,9.083074435276785,19.716688725323138,,,,1.0,week1,mmaud;topic=/leica/point/relative
1692847025.685570478,711,mavic3,gt,0.91503693701668,8.910333196248757,19.708358063267156,,,,1.0,week1,mmaud;topic=/leica/point/relative
1692847025.899928808,712,mavic3,gt,0.8328163980645513,8.69676568568184,19.69727262876978,,,,1.0,week1,mmaud;topic=/leica/point/relative
1692847026.089316607,713,mavic3,gt,0.7730984071506555,8.514276327252219,19.693674804781125,,,,1.0,week1,mmaud;topic=/leica/point/relative
1692847026.285151720,714,mavic3,gt,0.7056545728158881,8.308067344639994,19.69220780764482,,,,1.0,week1,mmaud;topic=/leica/point/relative
1692847026.495064735,715,mavic3,gt,0.6366269620934872,8.111957053904462,19.686941683212538,,,,1.0,week1,mmaud;topic=/leica/point/relative
1692847026.688448668,716,mavic3,gt,0.5740821296470813,7.946767879133404,19.682209881819716,,,,1.0,week1,mmaud;topic=/leica/point/relative
1692847026.888043165,717,mavic3,gt,0.5289644697946869,7.826310611457984,19.679122971223705,,,,1.0,week1,mmaud;topic=/leica/point/relative
1692847027.085995674,718,mavic3,gt,0.4791536037067772,7.687463244345054,19.669309589481685,,,,1.0,week1,mmaud;topic=/leica/point/relative
1692847027.285423756,719,mavic3,gt,0.43831061133380445,7.566354398815292,19.64462903239452,,,,1.0,week1,mmaud;topic=/leica/point/relative
1692847027.486310005,720,mavic3,gt,0.4117419046863233,7.483253026779948,19.619722074904843,,,,1.0,week1,mmaud;topic=/leica/point/relative
1692847027.686608553,721,mavic3,gt,0.38593335948417007,7.403476131199341,19.60116248423087,,,,1.0,week1,mmaud;topic=/leica/point/relative
1692847027.887440205,722,mavic3,gt,0.36708556339294773,7.357411672501939,19.59604812658418,,,,1.0,week1,mmaud;topic=/leica/point/relative
1692847028.085087299,723,mavic3,gt,0.3587643102922584,7.345583726954828,19.598483715882736,,,,1.0,week1,mmaud;topic=/leica/point/relative
1692847028.285056591,724,mavic3,gt,0.3545015520489869,7.35347968288238,19.602136103467103,,,,1.0,week1,mmaud;topic=/leica/point/relative
1692847028.483507156,725,mavic3,gt,0.36073908717730774,7.394547976333115,19.604473313657166,,,,1.0,week1,mmaud;topic=/leica/point/relative
1692847028.686732531,726,mavic3,gt,0.37145509178265,7.4508416722558195,19.60691933711351,,,,1.0,week1,mmaud;topic=/leica/point/relative
1692847028.886186123,727,mavic3,gt,0.3935767418792011,7.5457220155763025,19.609610676803413,,,,1.0,week1,mmaud;topic=/leica/point/relative
1692847029.087432146,728,mavic3,gt,0.41899209308917307,7.63194668225924,19.612040189219258,,,,1.0,week1,mmaud;topic=/leica/point/relative
1692847029.286846876,729,mavic3,gt,0.4597719259221549,7.750486107210008,19.6146747341012,,,,1.0,week1,mmaud;topic=/leica/point/relative
1692847029.487321138,730,mavic3,gt,0.5095418263126703,7.874371666287061,19.622670652892637,,,,1.0,week1,mmaud;topic=/leica/point/relative
1692847029.688682795,731,mavic3,gt,0.5535487076132313,7.967952657565547,19.622890756231598,,,,1.0,week1,mmaud;topic=/leica/point/relative
1692847029.885786533,732,mavic3,gt,0.6245733392469219,8.096068259258573,19.619854218541377,,,,1.0,week1,mmaud;topic=/leica/point/relative
1692847030.087172508,733,mavic3,gt,0.6857801470086997,8.196912061227067,19.619969662240436,,,,1.0,week1,mmaud;topic=/leica/point/relative
1692847030.286533594,734,mavic3,gt,0.7838132265170543,8.35707622622499,19.61400307080153,,,,1.0,week1,mmaud;topic=/leica/point/relative
1692847030.490464926,735,mavic3,gt,0.8550651248719987,8.473198584528973,19.60915602342253,,,,1.0,week1,mmaud;topic=/leica/point/relative
1692847030.686488628,736,mavic3,gt,0.9483873294093428,8.629244366953571,19.59448630167151,,,,1.0,week1,mmaud;topic=/leica/point/relative
1692847030.888264179,737,mavic3,gt,1.0487663972999144,8.804850683664199,19.575697151925183,,,,1.0,week1,mmaud;topic=/leica/point/relative
1692847031.087040186,738,mavic3,gt,1.134666571991147,8.962740833866519,19.556039565795516,,,,1.0,week1,mmaud;topic=/leica/point/relative
1692847031.287271738,739,mavic3,gt,1.2459729827349975,9.179582730009543,19.537525115316598,,,,1.0,week1,mmaud;topic=/leica/point/relative
1692847031.486234665,740,mavic3,gt,1.357277695215771,9.411044362750772,19.519165093496397,,,,1.0,week1,mmaud;topic=/leica/point/relative
1692847031.686441660,741,mavic3,gt,1.4475371804034012,9.606569917481238,19.502040485131317,,,,1.0,week1,mmaud;topic=/leica/point/relative
1692847031.887109995,742,mavic3,gt,1.5592106808439894,9.847676169536953,19.47005231126579,,,,1.0,week1,mmaud;topic=/leica/point/relative
1692847032.089114428,743,mavic3,gt,1.6673952391100784,10.078472481510289,19.42182390149496,,,,1.0,week1,mmaud;topic=/leica/point/relative
1692847032.287915707,744,mavic3,gt,1.7713139194481755,10.300930290803763,19.361013509307412,,,,1.0,week1,mmaud;topic=/leica/point/relative
1692847032.493319273,745,mavic3,gt,1.8526559080733023,10.472485153170055,19.30272138073076,,,,1.0,week1,mmaud;topic=/leica/point/relative
1692847032.717791319,746,mavic3,gt,1.971323251512331,10.725446676312458,19.194066260970857,,,,1.0,week1,mmaud;topic=/leica/point/relative
1692847032.963753462,747,mavic3,gt,2.0832917871967993,10.962339880311674,19.067263942121443,,,,1.0,week1,mmaud;topic=/leica/point/relative
1692847033.158310890,748,mavic3,gt,2.158192690781675,11.123155787073074,18.964900075518898,,,,1.0,week1,mmaud;topic=/leica/point/relative
1692847033.357480764,749,mavic3,gt,2.2454158786373455,11.313380327523419,18.844247819719072,,,,1.0,week1,mmaud;topic=/leica/point/relative
1692847033.589194298,750,mavic3,gt,2.346033817135549,11.52586886213021,18.71649363276829,,,,1.0,week1,mmaud;topic=/leica/point/relative
1692847033.788727760,751,mavic3,gt,2.4535603723722943,11.753790688547724,18.584881538379165,,,,1.0,week1,mmaud;topic=/leica/point/relative
1692847033.987059116,752,mavic3,gt,2.543387282709773,11.940845922988956,18.483528615263225,,,,1.0,week1,mmaud;topic=/leica/point/relative
1692847034.187239647,753,mavic3,gt,2.660892554859174,12.189003835673248,18.351799361710135,,,,1.0,week1,mmaud;topic=/leica/point/relative
1692847034.386723757,754,mavic3,gt,2.7795820133940197,12.449400358955245,18.214673508461345,,,,1.0,week1,mmaud;topic=/leica/point/relative
1692847034.638378382,755,mavic3,gt,2.914739260579495,12.762170747790378,18.04119873472885,,,,1.0,week1,mmaud;topic=/leica/point/relative
1692847034.837430954,756,mavic3,gt,2.996600343759269,12.961585574461424,17.918541001213868,,,,1.0,week1,mmaud;topic=/leica/point/relative
1692847035.037846565,757,mavic3,gt,3.092484789915943,13.200425780943988,17.752018195744455,,,,1.0,week1,mmaud;topic=/leica/point/relative
1692847035.237796307,758,mavic3,gt,3.1820518339018236,13.424955065404447,17.56935325695477,,,,1.0,week1,mmaud;topic=/leica/point/relative
1692847035.437603951,759,mavic3,gt,3.2430495475775842,13.57608148126883,17.431587252639517,,,,1.0,week1,mmaud;topic=/leica/point/relative
1692847035.638244867,760,mavic3,gt,3.2950085264716336,13.701006297056438,17.254620742308205,,,,1.0,week1,mmaud;topic=/leica/point/relative
1692847035.839538097,761,mavic3,gt,3.319243630004621,13.755628009705333,17.102105537841453,,,,1.0,week1,mmaud;topic=/leica/point/relative
1692847036.035882950,762,mavic3,gt,3.3378955572135283,13.7912464416263,16.925191586967543,,,,1.0,week1,mmaud;topic=/leica/point/relative
1692847036.235853195,763,mavic3,gt,3.3532051936974767,13.810498642428456,16.74349975810827,,,,1.0,week1,mmaud;topic=/leica/point/relative
1692847036.440444708,764,mavic3,gt,3.36521964788642,13.81267143969103,16.58597177970769,,,,1.0,week1,mmaud;topic=/leica/point/relative
1692847036.637267828,765,mavic3,gt,3.379806955328263,13.80316392220925,16.399543595706447,,,,1.0,week1,mmaud;topic=/leica/point/relative
1692847036.837817192,766,mavic3,gt,3.3854284523214346,13.787661789301637,16.239040763653236,,,,1.0,week1,mmaud;topic=/leica/point/relative
1692847037.038551092,767,mavic3,gt,3.3815120869330713,13.763322891923053,16.046981250145194,,,,1.0,week1,mmaud;topic=/leica/point/relative
1692847037.238160610,768,mavic3,gt,3.3605463782731704,13.732803741781026,15.851501562241324,,,,1.0,week1,mmaud;topic=/leica/point/relative
1692847037.439681053,769,mavic3,gt,3.3136569996011076,13.700503971690068,15.650261392479337,,,,1.0,week1,mmaud;topic=/leica/point/relative
1692847037.636996269,770,mavic3,gt,3.25976533786411,13.67589266694904,15.494563363596143,,,,1.0,week1,mmaud;topic=/leica/point/relative
1692847037.837346554,771,mavic3,gt,3.1764587379406066,13.650884236602451,15.289653854130776,,,,1.0,week1,mmaud;topic=/leica/point/relative
1692847038.037344694,772,mavic3,gt,3.080737675473074,13.631000765910585,15.083229678810213,,,,1.0,week1,mmaud;topic=/leica/point/relative
1692847038.238485575,773,mavic3,gt,3.0038537583940297,13.615392571865868,14.921789213258421,,,,1.0,week1,mmaud;topic=/leica/point/relative
1692847038.440015078,774,mavic3,gt,2.932637294093297,13.60713146782723,14.734390067765702,,,,1.0,week1,mmaud;topic=/leica/point/relative
1692847038.684090376,775,mavic3,gt,2.880241700086003,13.613532948375905,14.49789339257616,,,,1.0,week1,mmaud;topic=/leica/point/relative
1692847038.887430906,776,mavic3,gt,2.8614049547401237,13.624324286656929,14.336251178567991,,,,1.0,week1,mmaud;topic=/leica/point/relative
1692847039.087153435,777,mavic3,gt,2.840604450068099,13.636750403250517,14.123160685231255,,,,1.0,week1,mmaud;topic=/leica/point/relative
1692847039.290234327,778,mavic3,gt,2.8220229253795424,13.645641178942014,13.90923362749679,,,,1.0,week1,mmaud;topic=/leica/point/relative
1692847039.488379478,779,mavic3,gt,2.809846525660987,13.650085207026905,13.738966026689184,,,,1.0,week1,mmaud;topic=/leica/point/relative
1692847039.685877323,780,mavic3,gt,2.793389691888592,13.654497268985324,13.553908725070428,,,,1.0,week1,mmaud;topic=/leica/point/relative
1692847039.889815331,781,mavic3,gt,2.7780711427176357,13.65980539886823,13.481578166049985,,,,1.0,week1,mmaud;topic=/leica/point/relative
1692847040.087907314,782,mavic3,gt,2.766071963666718,13.665667112503797,13.474522045200558,,,,1.0,week1,mmaud;topic=/leica/point/relative
1692847040.286464691,783,mavic3,gt,2.7529271858134052,13.68840452253312,13.479937057981573,,,,1.0,week1,mmaud;topic=/leica/point/relative
1692847040.487680435,784,mavic3,gt,2.748110787855694,13.742734743392248,13.4874301405698,,,,1.0,week1,mmaud;topic=/leica/point/relative
1692847040.688406706,785,mavic3,gt,2.7539813921778205,13.817535661087504,13.48606798782528,,,,1.0,week1,mmaud;topic=/leica/point/relative
1692847040.887701511,786,mavic3,gt,2.7807996454044996,13.950986423468976,13.47831917946948,,,,1.0,week1,mmaud;topic=/leica/point/relative
1692847041.097609282,787,mavic3,gt,2.835222258816657,14.137561403646941,13.472887680536417,,,,1.0,week1,mmaud;topic=/leica/point/relative
1692847041.289081812,788,mavic3,gt,2.8964886698028067,14.321096306082836,13.47326480819946,,,,1.0,week1,mmaud;topic=/leica/point/relative
1692847041.487687111,789,mavic3,gt,2.986858933805479,14.583687982366655,13.472611441165824,,,,1.0,week1,mmaud;topic=/leica/point/relative
1692847041.686797380,790,mavic3,gt,3.088580804220669,14.875275149817298,13.473648644975583,,,,1.0,week1,mmaud;topic=/leica/point/relative
1692847041.888425827,791,mavic3,gt,3.180206241484484,15.131933517969856,13.473439838109726,,,,1.0,week1,mmaud;topic=/leica/point/relative
1692847042.085586071,792,mavic3,gt,3.29415707590681,15.45337554687876,13.479264743143318,,,,1.0,week1,mmaud;topic=/leica/point/relative
1692847042.286097527,793,mavic3,gt,3.409817210635765,15.785751792066321,13.484826340024057,,,,1.0,week1,mmaud;topic=/leica/point/relative
1692847042.489326239,794,mavic3,gt,3.498386107510669,16.04327455704606,13.488050522076648,,,,1.0,week1,mmaud;topic=/leica/point/relative
1692847042.686783314,795,mavic3,gt,3.6096645605954336,16.36614314344115,13.491979935360277,,,,1.0,week1,mmaud;topic=/leica/point/relative
1692847042.885353327,796,mavic3,gt,3.7152454274856836,16.65502048545295,13.496575791355582,,,,1.0,week1,mmaud;topic=/leica/point/relative
1692847043.088581324,797,mavic3,gt,3.783323797742014,16.831090886723132,13.500717987546523,,,,1.0,week1,mmaud;topic=/leica/point/relative
1692847043.286439896,798,mavic3,gt,3.8392655717648267,16.974440394560133,13.501300428833048,,,,1.0,week1,mmaud;topic=/leica/point/relative
1692847043.487063408,799,mavic3,gt,3.8759205038844584,17.077462893449592,13.505142799830764,,,,1.0,week1,mmaud;topic=/leica/point/relative
1692847043.688203812,800,mavic3,gt,3.9032309577473825,17.169812085060585,13.507947420961798,,,,1.0,week1,mmaud;topic=/leica/point/relative
1692847043.885236025,801,mavic3,gt,3.9530268139908458,17.33329653609053,13.508106183632066,,,,1.0,week1,mmaud;topic=/leica/point/relative
1692847044.087414026,802,mavic3,gt,4.018060070263118,17.537365731915315,13.509136392778743,,,,1.0,week1,mmaud;topic=/leica/point/relative
1692847044.288206100,803,mavic3,gt,4.0823095866275025,17.734524663975208,13.511661208077186,,,,1.0,week1,mmaud;topic=/leica/point/relative
1692847044.492492199,804,mavic3,gt,4.180152798536369,18.041278032577793,13.514913021213317,,,,1.0,week1,mmaud;topic=/leica/point/relative
1692847044.684083700,805,mavic3,gt,4.280945766111245,18.369775167743683,13.518018225515064,,,,1.0,week1,mmaud;topic=/leica/point/relative
1692847044.887388945,806,mavic3,gt,4.370591141802379,18.664599626759127,13.518135422571945,,,,1.0,week1,mmaud;topic=/leica/point/relative
1692847045.085312843,807,mavic3,gt,4.489137096690911,19.04418116628449,13.509944283555598,,,,1.0,week1,mmaud;topic=/leica/point/relative
1692847045.289567947,808,mavic3,gt,4.612875796628259,19.41681143077517,13.506637052209825,,,,1.0,week1,mmaud;topic=/leica/point/relative
1692847045.488291979,809,mavic3,gt,4.7003447654104775,19.664297604859485,13.500299492613436,,,,1.0,week1,mmaud;topic=/leica/point/relative
1692847045.687958956,810,mavic3,gt,4.769673217117543,19.844710761921533,13.461175614967829,,,,1.0,week1,mmaud;topic=/leica/point/relative
1692847045.888303518,811,mavic3,gt,4.806975649718083,19.92492030492258,13.38502449090214,,,,1.0,week1,mmaud;topic=/leica/point/relative
1692847046.087078094,812,mavic3,gt,4.822776144580075,19.94889230956983,13.298533895049758,,,,1.0,week1,mmaud;topic=/leica/point/relative
1692847046.287882328,813,mavic3,gt,4.830425173668118,19.955701822414312,13.171241638812205,,,,1.0,week1,mmaud;topic=/leica/point/relative
1692847046.488811970,814,mavic3,gt,4.831989878915351,19.95504180785474,13.028577445109363,,,,1.0,week1,mmaud;topic=/leica/point/relative
1692847046.688866854,815,mavic3,gt,4.8296737933510485,19.949947308625497,12.903745748198801,,,,1.0,week1,mmaud;topic=/leica/point/relative
1692847046.881484270,816,mavic3,gt,4.822661795288127,19.939103399348596,12.746329722949781,,,,1.0,week1,mmaud;topic=/leica/point/relative
1692847047.088042259,817,mavic3,gt,4.813931975468222,19.933865895250392,12.576084690784612,,,,1.0,week1,mmaud;topic=/leica/point/relative
1692847047.311245918,818,mavic3,gt,4.804445268113,19.934705316479494,12.39590917454224,,,,1.0,week1,mmaud;topic=/leica/point/relative
1692847047.544306517,819,mavic3,gt,4.795908624460708,19.93313892931974,12.204894757416298,,,,1.0,week1,mmaud;topic=/leica/point/relative
1692847047.751208782,820,mavic3,gt,4.7861301590208996,19.925180206172172,12.020573660419672,,,,1.0,week1,mmaud;topic=/leica/point/relative
1692847047.992114782,821,mavic3,gt,4.7667016593154585,19.910352692797005,11.778774996841406,,,,1.0,week1,mmaud;topic=/leica/point/relative
1692847048.201742411,822,mavic3,gt,4.752596392832174,19.900606367488763,11.573740809299125,,,,1.0,week1,mmaud;topic=/leica/point/relative
1692847048.390444040,823,mavic3,gt,4.744900669592539,19.89594857730185,11.405531367216199,,,,1.0,week1,mmaud;topic=/leica/point/relative
1692847048.588812590,824,mavic3,gt,4.745822145633042,19.89071727339251,11.194460153666952,,,,1.0,week1,mmaud;topic=/leica/point/relative
1692847048.787903070,825,mavic3,gt,4.75113374988257,19.882398947209595,11.01714592340673,,,,1.0,week1,mmaud;topic=/leica/point/relative
1692847048.985956669,826,mavic3,gt,4.758982761646507,19.86486130400226,10.80215903395488,,,,1.0,week1,mmaud;topic=/leica/point/relative
1692847049.187377930,827,mavic3,gt,4.768792893945033,19.8425111398667,10.588663811760895,,,,1.0,week1,mmaud;topic=/leica/point/relative
1692847049.388504028,828,mavic3,gt,4.782268555645487,19.818027346215786,10.382893538329924,,,,1.0,week1,mmaud;topic=/leica/point/relative
1692847049.586680651,829,mavic3,gt,4.793491862082874,19.795501012262548,10.211194458886311,,,,1.0,week1,mmaud;topic=/leica/point/relative
1692847049.787032127,830,mavic3,gt,4.8027418280939855,19.77446966066168,9.99914651375066,,,,1.0,week1,mmaud;topic=/leica/point/relative
1692847049.987581968,831,mavic3,gt,4.810445412320632,19.76211537329823,9.829036139977802,,,,1.0,week1,mmaud;topic=/leica/point/relative
1692847050.185913563,832,mavic3,gt,4.816186318585096,19.749650528503253,9.618209165213457,,,,1.0,week1,mmaud;topic=/leica/point/relative
1692847050.387468576,833,mavic3,gt,4.815577066629089,19.74078323414733,9.439498386214638,,,,1.0,week1,mmaud;topic=/leica/point/relative
1692847050.638568163,834,mavic3,gt,4.807221030202527,19.73411955073516,9.181345312117429,,,,1.0,week1,mmaud;topic=/leica/point/relative
1692847050.837169170,835,mavic3,gt,4.7982319522729995,19.731267276858944,8.971762839837282,,,,1.0,week1,mmaud;topic=/leica/point/relative
1692847051.039760351,836,mavic3,gt,4.791646650951179,19.726662678296634,8.756073638112284,,,,1.0,week1,mmaud;topic=/leica/point/relative
1692847051.240246058,837,mavic3,gt,4.791331121255098,19.725355754133943,8.5360858220821,,,,1.0,week1,mmaud;topic=/leica/point/relative
1692847051.437218189,838,mavic3,gt,4.796347465200483,19.724638567417287,8.362816321326349,,,,1.0,week1,mmaud;topic=/leica/point/relative
1692847051.639184237,839,mavic3,gt,4.804856426668721,19.720006098896647,8.15561456104598,,,,1.0,week1,mmaud;topic=/leica/point/relative
1692847051.839302063,840,mavic3,gt,4.812732652393834,19.715222392532496,7.982392757694015,,,,1.0,week1,mmaud;topic=/leica/point/relative
1692847052.038896322,841,mavic3,gt,4.817912205887524,19.707524922179573,7.7800377404643655,,,,1.0,week1,mmaud;topic=/leica/point/relative
1692847052.239735603,842,mavic3,gt,4.822175653134536,19.704387360141027,7.559228288411376,,,,1.0,week1,mmaud;topic=/leica/point/relative
1692847052.491325378,843,mavic3,gt,4.828365863321778,19.706660783556117,7.33777471386847,,,,1.0,week1,mmaud;topic=/leica/point/relative
1692847052.686997652,844,mavic3,gt,4.835404002124847,19.71382255533217,7.114390560125685,,,,1.0,week1,mmaud;topic=/leica/point/relative
1692847052.886592627,845,mavic3,gt,4.8373008425467106,19.71827600873644,6.879880799484297,,,,1.0,week1,mmaud;topic=/leica/point/relative
1692847053.087543011,846,mavic3,gt,4.834852511047188,19.721610270790734,6.695186504224935,,,,1.0,week1,mmaud;topic=/leica/point/relative
1692847053.288665295,847,mavic3,gt,4.83050600675756,19.729307213591937,6.471715569257071,,,,1.0,week1,mmaud;topic=/leica/point/relative
1692847053.487735748,848,mavic3,gt,4.8232151436773165,19.739511269845934,6.244012647892049,,,,1.0,week1,mmaud;topic=/leica/point/relative
1692847053.686006784,849,mavic3,gt,4.819209199909437,19.74863219234726,6.015532671106683,,,,1.0,week1,mmaud;topic=/leica/point/relative
1692847053.890106201,850,mavic3,gt,4.81609827168063,19.750689839346705,5.8354226001467,,,,1.0,week1,mmaud;topic=/leica/point/relative
1692847054.089143991,851,mavic3,gt,4.810496376727883,19.749987396201277,5.5982734809651475,,,,1.0,week1,mmaud;topic=/leica/point/relative
1692847054.287455320,852,mavic3,gt,4.808767655733959,19.74776970350399,5.357893046025737,,,,1.0,week1,mmaud;topic=/leica/point/relative
1692847054.492054701,853,mavic3,gt,4.804742666850416,19.74245719130522,5.1782878949072995,,,,1.0,week1,mmaud;topic=/leica/point/relative
1692847054.690218925,854,mavic3,gt,4.790086373637905,19.72345784996287,4.951348932149855,,,,1.0,week1,mmaud;topic=/leica/point/relative
1692847054.885618210,855,mavic3,gt,4.764083063801081,19.7003879909239,4.726051840418691,,,,1.0,week1,mmaud;topic=/leica/point/relative
1692847055.090371847,856,mavic3,gt,4.731510812446459,19.678488348063638,4.542247403990146,,,,1.0,week1,mmaud;topic=/leica/point/relative
1692847055.288549662,857,mavic3,gt,4.682394003931677,19.642438399657976,4.293957559769851,,,,1.0,week1,mmaud;topic=/leica/point/relative
1692847055.490897179,858,mavic3,gt,4.633237242947075,19.598796501069728,4.048317612084958,,,,1.0,week1,mmaud;topic=/leica/point/relative
1692847055.688230038,859,mavic3,gt,4.590444405747462,19.56003128570478,3.8640191146351412,,,,1.0,week1,mmaud;topic=/leica/point/relative
1692847055.887350798,860,mavic3,gt,4.528249165098714,19.514374461691432,3.642537940697167,,,,1.0,week1,mmaud;topic=/leica/point/relative
1692847056.087906361,861,mavic3,gt,4.476577132655734,19.487002484603863,3.409053608119933,,,,1.0,week1,mmaud;topic=/leica/point/relative
1692847056.288528681,862,mavic3,gt,4.4283903524071775,19.464301357540535,3.2163155193501183,,,,1.0,week1,mmaud;topic=/leica/point/relative
1692847056.493218422,863,mavic3,gt,4.370666837008002,19.443626525478976,2.982629765082521,,,,1.0,week1,mmaud;topic=/leica/point/relative
1692847056.693590879,864,mavic3,gt,4.298187955992262,19.432422271863743,2.7326487049865307,,,,1.0,week1,mmaud;topic=/leica/point/relative
1692847056.887970924,865,mavic3,gt,4.2446728389692225,19.437600068156144,2.5484113734967053,,,,1.0,week1,mmaud;topic=/leica/point/relative
1692847057.085991859,866,mavic3,gt,4.206675642553364,19.45076228918606,2.3282404857433647,,,,1.0,week1,mmaud;topic=/leica/point/relative
1692847057.286976337,867,mavic3,gt,4.185129878948487,19.456970128413104,2.1031323155157793,,,,1.0,week1,mmaud;topic=/leica/point/relative
1692847057.491064310,868,mavic3,gt,4.158474857987812,19.462758894240096,1.8767100008780062,,,,1.0,week1,mmaud;topic=/leica/point/relative
1692847057.686648607,869,mavic3,gt,4.123801357148295,19.4739397478304,1.6915224012548151,,,,1.0,week1,mmaud;topic=/leica/point/relative
1692847057.888137579,870,mavic3,gt,4.089771232931071,19.48847161557569,1.48810542033425,,,,1.0,week1,mmaud;topic=/leica/point/relative
1692847058.086092710,871,mavic3,gt,4.059462904575412,19.49989686911522,1.3122270601392216,,,,1.0,week1,mmaud;topic=/leica/point/relative
1692847058.289226532,872,mavic3,gt,4.042580831546388,19.50561068872048,1.1926447127274429,,,,1.0,week1,mmaud;topic=/leica/point/relative
1692847058.489264727,873,mavic3,gt,4.024940138679767,19.511698239256702,1.0545035308124966,,,,1.0,week1,mmaud;topic=/leica/point/relative
1692847058.686202288,874,mavic3,gt,4.013228607793735,19.520703474601987,0.9284969875541549,,,,1.0,week1,mmaud;topic=/leica/point/relative
1692847058.888365030,875,mavic3,gt,4.015233066283713,19.51950297884696,0.8258292448638684,,,,1.0,week1,mmaud;topic=/leica/point/relative
1692847059.087528944,876,mavic3,gt,4.025728845111985,19.510352101128547,0.7453199061169187,,,,1.0,week1,mmaud;topic=/leica/point/relative
1692847059.286926508,877,mavic3,gt,4.036605664509352,19.494065736606444,0.6535239009559888,,,,1.0,week1,mmaud;topic=/leica/point/relative
1692847059.531748772,878,mavic3,gt,4.048481034305837,19.47350618198675,0.5610046061673444,,,,1.0,week1,mmaud;topic=/leica/point/relative
1692847059.750013113,879,mavic3,gt,4.04827008151517,19.469205315900354,0.4949423159255417,,,,1.0,week1,mmaud;topic=/leica/point/relative
1692847059.939916611,880,mavic3,gt,4.0412839904114435,19.47041066971451,0.44687541831132194,,,,1.0,week1,mmaud;topic=/leica/point/relative
1692847060.133038759,881,mavic3,gt,4.034693394800797,19.47121187498783,0.39797611680133116,,,,1.0,week1,mmaud;topic=/leica/point/relative
1692847060.382549047,882,mavic3,gt,4.0341608935131035,19.473405794427435,0.3329930207272156,,,,1.0,week1,mmaud;topic=/leica/point/relative
1692847060.582347631,883,mavic3,gt,4.039284192988248,19.473769801017625,0.28616411974579137,,,,1.0,week1,mmaud;topic=/leica/point/relative
1692847060.785721779,884,mavic3,gt,4.051287426570639,19.473464353121926,0.24609576622147245,,,,1.0,week1,mmaud;topic=/leica/point/relative
1692847060.987306595,885,mavic3,gt,4.058293676048152,19.47433822811786,0.22291330563382417,,,,1.0,week1,mmaud;topic=/leica/point/relative
1692847061.189321995,886,mavic3,gt,4.059935474415283,19.477826173999347,0.19449450346333208,,,,1.0,week1,mmaud;topic=/leica/point/relative
1692847061.388138771,887,mavic3,gt,4.06031787670554,19.484592298136704,0.1706711034416344,,,,1.0,week1,mmaud;topic=/leica/point/relative
1692847061.586027145,888,mavic3,gt,4.056984907220453,19.491222142796232,0.15406398097202612,,,,1.0,week1,mmaud;topic=/leica/point/relative
1692847061.787856579,889,mavic3,gt,4.051034181459954,19.4992216466876,0.13981748113310744,,,,1.0,week1,mmaud;topic=/leica/point/relative
1692847061.987451315,890,mavic3,gt,4.04304755207238,19.50202920294032,0.09799377679739507,,,,1.0,week1,mmaud;topic=/leica/point/relative
1692847062.199829102,891,mavic3,gt,4.043232446769707,19.502480713737896,0.015186107542447758,,,,1.0,week1,mmaud;topic=/leica/point/relative
1692847062.440981150,892,mavic3,gt,4.0454690311319155,19.500810864264167,-0.06971145254388489,,,,1.0,week1,mmaud;topic=/leica/point/relative
1692847062.682398796,893,mavic3,gt,4.0449712430522595,19.503566333819208,-0.1530752726627327,,,,1.0,week1,mmaud;topic=/leica/point/relative
1692847062.889369965,894,mavic3,gt,4.045013998851573,19.510028726922883,-0.2143768840724647,,,,1.0,week1,mmaud;topic=/leica/point/relative
1692847063.082803011,895,mavic3,gt,4.048032116968784,19.515738707530545,-0.25594732007401433,,,,1.0,week1,mmaud;topic=/leica/point/relative
1692847063.287737608,896,mavic3,gt,4.0572866901433144,19.521738845720847,-0.30513178615966297,,,,1.0,week1,mmaud;topic=/leica/point/relative
1692847063.488888979,897,mavic3,gt,4.074434090918885,19.525784560814373,-0.34430789643739956,,,,1.0,week1,mmaud;topic=/leica/point/relative
1692847063.700172663,898,mavic3,gt,4.1100298911394475,19.52736457538049,-0.3896477233447513,,,,1.0,week1,mmaud;topic=/leica/point/relative
1692847063.883758307,899,mavic3,gt,4.131435499039412,19.531128882118992,-0.4014507376487728,,,,1.0,week1,mmaud;topic=/leica/point/relative
1692847064.083689451,900,mavic3,gt,4.133371297230383,19.53358578663824,-0.40184145619311096,,,,1.0,week1,mmaud;topic=/leica/point/relative
1692847064.281409025,901,mavic3,gt,4.132725715036372,19.534024310770064,-0.4017325192094887,,,,1.0,week1,mmaud;topic=/leica/point/relative
1692847064.484235525,902,mavic3,gt,4.1326162530250485,19.534138929410346,-0.4019013603455761,,,,1.0,week1,mmaud;topic=/leica/point/relative
1692847064.682557106,903,mavic3,gt,4.133071811768332,19.533938960714067,-0.4020637384842445,,,,1.0,week1,mmaud;topic=/leica/point/relative
